213385.8,349522.5,5717970.6,222342978.9,38000.1,112836.1,37000.0,33127.1,78914.4,58942.0,36846.9,38365.7,96195.7,0
369581.0,601518.9,6692036.7,8309132.4,50436.9,138800.0,42621.5,44704.1,83822.3,50759.4,49241.1,43889.4,81212.7,0
336835.4,569847.0,6467278.6,9796266.9,50359.4,139258.4,42716.8,44869.7,84009.2,50875.2,49147.2,43963.8,81479.6,0
318811.8,561884.4,7589147.7,7800523.2,50613.2,140025.0,42724.3,44696.2,83728.1,50805.1,49067.3,43575.8,81170.2,0
323899.3,559963.6,6878332.8,12198303.0,50118.1,138859.7,42383.1,44716.1,83650.3,50670.0,48860.6,43588.9,80759.4,0
338873.5,566256.6,6809392.4,9610682.4,50266.4,138730.5,42437.9,44900.6,84051.6,50858.8,49196.4,43775.3,81234.6,0
327613.2,562149.9,16235637.1,8565965.2,50383.2,139347.2,42510.9,45073.2,84254.1,50941.9,49346.6,43799.5,81416.3,0
315490.9,556701.2,5886580.5,8204030.2,50414.4,139288.5,42643.7,44726.9,83757.4,50566.7,49339.6,43890.9,81354.4,0
311712.3,564776.4,6841345.9,8232793.8,50524.2,139492.3,42376.8,44893.0,83882.9,50810.1,49159.4,43829.2,81665.9,0
311900.8,571974.5,6903499.1,11494749.7,50529.0,139652.0,42447.3,44706.8,83416.1,50371.4,49074.4,43746.4,81010.2,0
352183.4,600572.2,10388994.4,8417937.9,50697.6,140596.7,42354.0,44665.2,83410.1,50476.7,48973.3,43726.7,80953.8,0
371778.5,593825.4,6272084.4,9023926.4,50588.8,140856.7,42769.9,44768.5,83643.2,50673.1,49140.6,43820.6,81596.7,0
357236.1,592594.9,5626091.1,7510520.0,50432.9,140396.7,42655.6,44744.5,83685.1,50576.2,48899.1,43672.4,81217.0,0
771455.3,605701.4,6990732.8,9588883.9,50251.1,140636.9,42442.6,44810.0,84073.3,51077.7,48890.9,43664.0,81119.5,0
379694.0,602509.4,6597159.5,8309750.8,50371.9,141215.4,42571.5,44719.0,83991.6,50792.5,48998.7,43691.1,81046.3,0
381975.9,596817.9,7046789.4,8649357.8,50694.9,140938.7,42604.0,44837.9,84019.5,50811.5,49243.8,43853.8,81413.2,0
840062.2,598175.9,6535437.8,8540893.3,50264.3,140237.5,42332.6,44781.3,83923.5,50702.4,49457.5,44060.8,81476.3,0
372634.2,578003.3,6837950.5,8811374.9,50765.6,141723.8,42564.0,44702.9,84069.6,50718.0,49210.8,43948.9,81459.2,0
374140.5,575949.0,7603152.7,8385441.7,50552.6,140715.6,42680.2,44528.2,83529.0,50511.0,49098.0,43651.7,80911.4,0
357759.1,568918.2,6287877.1,7951937.4,50355.1,140250.7,42373.0,45159.7,84470.6,50974.0,49236.4,43849.4,81187.0,0
327594.4,555667.4,7818174.2,7618623.0,50704.0,140848.2,42655.5,44731.7,83743.8,50650.3,49545.7,44018.6,81776.0,0
706937.9,587832.4,6383510.6,8619172.2,50714.6,140598.2,42597.8,44689.7,83653.6,50620.2,49175.9,43780.7,80962.9,0
365637.5,622290.1,6565315.3,8821441.9,50838.1,141463.9,42675.4,44861.6,83914.0,50519.8,49667.3,44181.0,81948.4,0
379697.8,654244.6,6714607.8,8374503.7,50829.3,141621.3,42624.7,45074.7,84094.5,50747.6,49586.1,44052.4,81382.1,0
381921.2,648640.2,6841471.3,8485839.5,51043.1,141812.9,42808.4,45061.3,84132.5,50855.6,49696.4,44097.6,81537.8,0
342969.8,582813.0,6592845.6,8590459.3,51132.0,141305.4,42899.0,44955.4,84207.0,50875.5,49276.0,43806.3,81013.6,0
370390.7,632083.4,7007333.5,11980007.6,50901.5,141230.9,42697.7,45164.9,84445.6,50922.6,49444.4,43951.7,81337.2,0
353791.8,597140.0,7381598.7,7948541.9,51014.9,141805.2,42710.0,45238.8,84603.1,50873.8,49277.5,43690.2,80824.5,0
348705.1,580162.8,7376435.9,8784414.1,50786.8,140936.5,42536.0,45181.4,84351.6,50756.1,49207.2,43815.8,80765.4,0
369118.9,645158.0,6524507.0,8053351.9,50759.3,140106.0,42496.0,45187.4,83818.4,50723.8,49667.8,44119.4,81316.0,0
406061.7,583460.7,7233677.6,9246939.5,50874.0,140948.3,42452.7,44995.2,83668.7,50547.4,49566.5,44106.7,81536.4,0
410804.3,565540.8,7058631.9,9180400.0,51251.7,141523.6,42930.9,45201.2,83963.3,51070.3,49467.3,44047.4,81533.1,0
409657.5,582880.2,7407152.5,8189950.4,50853.6,140695.3,42449.0,45019.5,83925.5,51002.5,49310.1,43834.9,80997.9,0
425021.5,593840.2,7701147.9,7923770.1,51111.4,141528.2,42669.0,44700.1,83284.5,50690.9,49287.5,43846.5,81255.8,0
996609.1,626904.5,6887901.8,8276245.4,51071.4,141702.1,42555.3,44796.9,83309.1,50674.5,49782.0,44297.8,82222.5,0
545142.9,638959.4,6430473.8,7818505.7,50873.6,140864.0,42441.1,45251.3,84057.8,51107.0,49210.0,43816.7,81370.7,0
522776.4,633877.6,6783622.6,7901208.5,51299.0,140991.2,42641.7,45124.1,83527.8,50897.0,49293.1,43876.3,81293.1,0
483696.1,622372.2,8020621.2,7995685.9,50897.5,141127.6,42526.4,44980.6,83669.1,50843.7,49542.5,43944.5,81628.3,0
508642.1,622919.8,6784204.8,9787634.4,50972.1,141240.3,42665.5,45196.4,83819.5,50862.0,49537.1,44146.3,81843.9,0
504330.3,612399.3,6959145.1,8063763.7,51240.8,141595.7,42668.4,45234.7,83864.9,50932.3,49536.0,43888.1,81526.9,0
511723.3,608709.3,8254519.9,8373083.3,51194.1,142012.0,42566.9,45354.6,83691.0,50862.6,49555.3,43891.2,81866.1,0
496775.9,596393.7,7577637.3,7569600.3,51462.3,142194.2,42844.8,45480.4,84462.4,51247.4,49537.3,43836.4,81391.3,0
1167327.8,620004.6,7861709.0,7754547.3,51077.7,141884.9,42501.9,45230.3,83404.2,50760.4,49687.9,43967.0,82046.6,0
470467.9,593807.8,8548695.2,8029990.3,51426.8,141420.8,42628.7,45395.1,84468.7,51004.3,49868.7,44026.5,81671.6,0
464721.0,591784.9,6419583.0,7439305.9,51197.0,141298.2,42649.9,45614.9,84372.8,50909.5,49792.7,43962.4,81693.0,0
448409.9,585395.2,10567698.3,13541059.8,51366.1,142014.5,42838.0,45410.2,83841.9,50851.2,49670.8,43916.4,81377.5,0
432190.1,570919.9,7158927.1,8224057.5,51097.4,140978.3,42611.1,45652.4,84620.2,51093.9,49824.2,44047.8,81839.8,0
429278.1,574861.2,7236277.0,13345665.9,51110.5,141603.1,42576.7,45570.4,84293.9,51045.5,50134.8,44146.3,82317.9,0
444787.3,594196.8,7252353.2,8202615.7,51157.8,141455.7,42643.2,45412.9,84180.2,50968.3,49650.8,43960.0,81634.0,0
436964.1,598930.4,8102056.1,8629628.1,51271.8,141740.3,42803.0,45451.1,84354.1,50923.7,50155.3,44212.5,81906.4,0
428486.6,589394.0,7235966.7,8751016.6,51265.2,140915.6,42575.0,45333.0,84224.8,50790.2,49853.6,43970.5,81716.4,0
404311.4,585189.3,6830168.1,7829471.2,51198.1,140937.0,42825.8,45469.2,84602.2,51112.3,49843.1,44068.0,81866.5,0
895993.3,632505.3,7184339.6,8309898.4,51231.4,142120.2,42881.6,45379.5,84363.4,51028.6,49786.4,43710.7,81749.8,0
459253.2,625017.2,7342614.8,9981403.2,51509.7,142611.7,42908.4,45277.3,83931.0,50586.8,49828.7,43811.6,81586.4,0
458023.1,618541.0,7163434.3,9572049.4,51274.4,142623.4,42752.8,45573.1,84391.9,51028.0,49796.9,43932.8,81693.7,0
427358.9,596163.7,8908869.4,7194229.6,51503.9,142264.8,43072.7,45669.9,84548.6,51077.8,49860.1,43840.9,81500.4,0
903839.9,594132.1,8435922.5,7891938.2,51545.9,143091.3,43021.6,45685.5,84492.5,50963.0,49953.3,44145.5,82017.0,0
401770.5,577199.5,7220868.7,7833816.2,51682.4,142605.1,42981.4,45649.3,84766.9,51127.6,49950.0,44135.2,82006.9,0
408834.5,580983.3,7209035.4,9011248.5,51270.7,142357.0,42759.1,45691.5,84428.0,51082.4,50114.1,44057.1,81753.2,0
430159.6,600525.2,7104725.0,8651887.3,51438.3,141987.7,42826.4,45359.0,84163.3,50910.3,50188.6,44201.7,82113.6,0
420505.8,606839.3,7612091.4,8979180.2,51646.4,142843.2,43026.7,45654.5,84612.1,51175.9,50025.1,44011.6,82114.4,0
407390.3,588222.1,8344286.1,9092069.3,51679.0,143352.8,42978.0,45547.9,84199.8,50862.6,50249.0,44196.9,82290.8,0
413448.8,599319.7,6999222.9,8101317.8,51384.3,141815.1,42806.3,45455.9,84374.5,51010.4,49985.0,44064.4,81536.3,0
411540.6,597150.5,6441170.4,7662589.1,51447.1,142070.2,42833.3,45577.4,84430.6,51055.9,49946.5,43901.3,81450.4,0
421990.3,602019.4,7644071.4,10269350.7,51363.7,142470.4,42885.4,45420.7,84244.2,50806.7,50023.3,43863.2,81728.8,0
407728.7,599755.4,6901986.5,7121822.4,51177.5,141841.6,42647.4,45564.7,84311.6,50852.1,50206.7,44102.2,82056.6,0
424083.6,606510.0,6197575.3,7793119.4,51651.4,143668.9,42896.4,45432.6,84561.7,50778.5,49871.3,43969.7,81284.7,0
410451.2,592488.3,7481867.1,8102040.2,51476.1,142489.7,42962.8,45382.7,84240.6,50871.7,49622.9,43810.2,80946.4,0
482241.3,632793.8,7724367.2,7782104.4,51217.3,141132.9,42610.9,45689.2,84583.8,50923.8,50037.0,43991.3,81604.0,0
533186.0,652132.5,15622352.2,6793823.3,51538.6,141990.8,42904.6,45856.5,84963.4,51175.0,49953.0,43844.8,81268.4,0
452584.3,622026.4,7286573.5,9648643.6,51306.3,141832.0,42663.4,45677.3,84724.1,50991.4,50105.3,44041.9,81473.9,0
664194.9,568656.4,8745454.8,8744172.7,51496.1,142201.0,42838.2,45751.2,84450.1,50978.3,49975.2,43901.6,81627.4,0
330688.3,528425.6,7010831.9,7278705.9,51598.0,142375.7,42941.6,45940.6,85083.8,51305.9,50442.6,44152.3,82147.7,0
331327.0,526455.2,8726046.1,6692209.1,51191.7,141358.6,42829.7,45844.6,85135.0,51343.0,50188.4,43960.2,81790.4,0
332383.8,551050.2,7117857.0,16549978.4,51381.4,140528.2,42808.3,45473.9,84397.7,50863.2,50272.2,44179.1,81751.8,0
334060.1,547592.7,7654568.5,8112068.8,51593.0,141680.2,42913.6,45797.7,85189.3,51201.7,49969.4,43961.2,81530.9,0
330886.7,528234.2,7098740.0,7626873.0,51763.8,142413.6,42911.8,45703.5,84545.5,50951.9,50509.4,44326.5,82072.6,0
714336.4,527075.4,13332292.4,8106302.7,51695.0,142833.0,42993.4,45529.5,84667.5,50850.0,50289.7,44236.3,82036.6,0
331627.9,515645.2,7980758.3,7248941.2,51494.8,142327.3,42848.3,45638.3,84530.4,50842.8,49944.0,43829.8,81211.9,0
328210.8,524473.8,6542609.4,9587180.5,51698.5,142073.3,42775.2,45846.9,84917.2,51101.1,50156.4,44003.8,81602.9,0
321325.5,533472.6,7284970.2,8648837.2,51459.9,142219.5,42797.8,45584.3,84379.3,50685.4,50423.1,44117.3,81696.8,0
324668.6,509982.4,7511077.1,7920447.8,51578.0,142672.0,42876.0,45988.4,85308.5,51221.4,50416.2,44120.7,81746.9,0
323299.7,503799.5,7882951.0,8266503.7,51657.2,142139.1,42837.1,46115.0,85418.3,51283.4,50122.0,43867.2,81460.0,0
751220.4,510874.9,7273930.5,8819494.8,51669.9,142484.3,42851.1,45897.4,84975.8,51088.3,50368.2,44068.1,82061.8,0
325350.3,504889.2,6394074.2,9484980.7,51924.1,143533.8,43123.4,45820.6,84979.1,51129.3,50390.3,43944.7,81972.1,0
671711.7,511848.4,7114105.2,8442424.4,51476.8,141481.8,42800.2,45657.6,84527.8,50786.3,50362.4,44106.5,81585.9,0
326872.0,508307.1,7042419.1,7689477.2,51541.2,141512.5,42870.2,45866.8,85041.3,51015.9,50151.7,43877.3,81464.5,0
673167.3,517094.6,9746487.0,7556343.9,51715.3,142778.3,42898.8,45500.6,84266.5,50779.7,50189.4,43911.2,81306.0,0
325392.8,512447.0,7215052.6,8897743.7,51569.5,141796.2,42720.1,45853.9,85091.6,51035.1,50255.9,43942.5,81589.5,0
324758.6,514064.8,7129182.5,7375982.2,51750.7,142556.7,43054.7,45960.5,85037.2,51006.1,50468.0,44037.1,81893.7,0
325479.4,515737.8,7045312.8,8388053.7,51655.1,142355.0,42851.6,45815.6,84726.5,50946.2,50605.6,44245.6,81710.1,0
327177.3,517002.7,7561352.8,7806075.0,51960.7,143616.7,43099.8,45792.9,84989.5,50978.6,50379.2,44106.7,81763.5,0
326465.4,510544.1,6942165.4,7453975.8,51945.6,142145.9,42904.5,45982.6,84848.8,51126.8,50601.4,44039.1,81939.2,0
325387.3,514263.3,7027099.4,7809177.2,51614.4,142000.2,42808.0,46009.0,85049.5,51036.3,50542.1,43991.4,82036.1,0
323654.4,504236.6,6846365.2,6792270.7,51718.3,142457.3,42864.6,45854.3,84889.5,50889.8,50204.1,43938.3,81563.7,0
326906.1,515401.3,7951938.4,7738428.2,51666.2,142416.2,42957.4,45955.1,84993.8,51055.5,50439.9,44062.1,81748.6,0
322706.3,550533.1,7336232.5,9145459.7,51734.0,141811.2,42963.0,45668.2,84523.4,50593.8,50195.9,43779.7,81380.2,0
319382.7,553350.8,7105512.9,8567016.9,51650.4,142518.0,42860.6,45785.6,85049.3,51117.1,50393.0,43970.9,81705.5,0
321036.9,549509.0,7097553.1,222401971.3,51563.8,141707.8,42729.3,45839.8,85040.4,50955.8,50379.7,43828.9,81269.4,0
320137.6,563928.9,7338926.9,9018176.7,51970.6,142236.1,42921.8,45762.2,84884.2,50988.4,50311.9,44031.3,81662.3,0
320418.5,564007.7,6884322.7,7872983.3,51690.3,141407.8,42777.2,45935.5,84898.7,51048.6,50384.8,43979.3,81471.0,0
320582.8,565641.4,6759162.7,9245099.2,51776.9,142243.1,42873.0,46098.7,85526.3,51116.8,50443.1,43981.6,81847.8,0
321380.1,556242.7,7296460.7,9026155.5,52153.2,143452.5,43281.3,45994.8,85175.3,51076.3,50598.4,44162.6,81526.8,0
323126.1,519396.3,8453674.4,221754925.4,51855.5,142599.9,42916.9,45640.0,84497.1,50393.8,50635.8,44050.9,81855.7,0
324066.6,499373.9,7383224.0,7899693.6,52083.9,143390.4,42910.4,46060.6,84798.1,51117.4,50530.4,43980.1,81397.8,0
334065.9,513070.2,7411472.6,8797154.3,51866.2,141929.6,42745.5,45861.7,84572.6,51012.9,50432.4,44112.2,81866.6,0
333133.7,522684.1,7146855.2,7771487.9,51872.6,142196.5,42739.6,46199.0,85352.3,51353.2,50605.9,44165.5,82110.9,0
326659.2,508801.3,7165851.7,8261880.3,51695.7,141303.6,42665.7,46127.0,85175.8,51064.2,50310.8,43889.0,81143.8,0
327838.1,501002.9,7861815.3,8617269.8,51979.5,142015.1,42947.8,45997.8,84765.1,50877.0,50452.7,43946.4,81324.9,0
327664.9,578804.6,6780768.1,7307963.7,51742.9,142205.7,42744.7,45706.2,84522.1,50515.2,50533.3,44085.0,81733.4,0
326392.6,509839.2,7609816.4,7961107.9,51953.8,141899.3,42786.5,46215.0,85213.9,51036.1,50806.9,44222.6,81876.3,0
325868.2,532238.4,6983563.1,8353109.0,51789.8,142040.6,42696.1,45984.8,84671.8,50873.9,50467.4,44023.9,81857.9,0
323835.4,528601.6,7298999.8,8520630.3,52069.1,143051.1,42951.5,46218.6,84971.3,50988.5,50631.7,43984.5,81869.8,0
321442.2,535413.7,7370345.6,8583168.7,52158.4,142440.7,42998.5,46144.6,85147.6,50967.9,50925.1,44231.2,82235.4,0
320177.9,581523.9,6992382.9,7886666.6,51969.9,142221.3,42849.8,46003.1,84424.7,50796.0,50717.1,44254.3,81823.0,0
318691.7,622147.6,8867769.6,223535391.0,52123.9,143063.7,42998.6,46038.7,84452.8,50835.7,50772.7,44298.3,81740.5,0
318545.2,610091.8,8554588.5,9136347.4,51968.7,141407.5,42808.7,46170.9,84954.1,50924.7,50711.9,44207.9,81507.6,0
317302.7,611414.5,6966830.5,25950946.9,52099.4,143090.4,42799.0,46406.9,85016.3,51089.4,50478.7,43962.4,81466.5,0
317975.4,600949.5,8581143.2,11132828.0,52279.9,143057.0,43070.6,46078.6,85092.7,50852.1,50759.6,44243.7,81878.8,0
316263.9,595554.0,6151562.8,10269262.9,52051.4,141776.7,42765.1,46218.7,85333.1,51136.4,50672.8,44079.6,81656.3,0
319165.4,596479.0,6582036.2,11160233.0,51932.1,141955.2,42783.2,46029.2,84921.9,50994.5,50801.5,44253.4,82050.1,0
319052.9,613236.8,6423290.6,9663537.5,51853.2,142088.7,42818.3,46093.9,85164.7,50909.4,50782.4,44253.5,82022.3,0
319390.9,610404.8,7320465.8,8542156.4,52056.2,143615.8,42941.0,45853.3,84741.2,50696.8,50303.5,43920.0,81361.3,0
740794.9,604425.9,9306005.0,8504153.9,51871.9,142475.9,42766.7,46004.9,85353.8,50866.4,50734.2,44071.2,82098.9,0
491781.1,646599.5,8009228.1,8371108.4,51611.6,141673.7,42693.7,46344.9,85270.6,51143.0,50561.8,43977.1,81371.2,0
962452.3,785890.9,6537434.2,10094895.3,52056.8,142462.8,42928.3,46079.7,84998.4,51053.8,50550.7,43993.9,81745.6,0
738508.5,729899.3,7670543.0,7845315.6,52070.4,142457.8,42980.0,45971.0,85065.3,50994.4,50766.9,44025.6,81770.0,0
468122.7,686893.2,6111758.6,8519518.1,52146.3,142618.4,42830.9,46321.4,85655.6,51426.9,50729.5,44037.6,81348.8,0
518457.2,650182.8,7334607.4,224258312.4,52075.1,142242.0,43018.2,46144.4,85396.9,50961.0,50773.5,44033.5,81595.8,0
682175.2,725227.2,8058009.0,8282760.0,51943.4,141645.7,42867.2,46282.2,85491.0,51365.4,50528.6,44003.7,81373.8,0
475377.7,668795.1,6754269.5,9716103.4,52211.2,143003.0,43061.8,46093.8,85071.9,51190.3,50755.7,44144.5,82093.9,0
426496.7,634282.8,7487468.6,223571018.9,51644.2,141083.6,42743.1,46084.1,85421.2,51141.5,50553.0,44005.0,82408.0,0
483039.0,678801.1,6884651.0,8658691.5,51845.1,142027.0,42838.3,46028.7,85153.9,51121.7,50519.2,44056.8,81700.7,0
391300.2,600377.8,7716901.3,6954242.3,51879.2,141215.6,42898.1,46205.5,85392.4,51234.1,50668.1,43932.9,81776.6,0
385571.8,596122.9,7054477.4,7233847.2,52107.5,142304.1,43109.4,46099.5,85364.5,51108.1,50811.8,44172.3,82174.4,0
472801.1,636872.6,6728372.4,8457022.4,52190.8,142807.5,43025.6,46418.1,86100.5,51628.0,50680.9,44002.5,82078.9,0
616438.5,677045.3,6855497.2,12308725.3,51810.7,142959.6,42797.6,45611.5,84284.5,50864.1,50642.2,44015.9,82009.7,0
613762.3,678585.7,7120604.4,8795190.6,52023.5,142917.5,42971.0,46193.5,85371.8,51369.1,50651.9,43827.7,81830.9,0
1624327.8,676349.2,7681201.4,10285934.6,52151.1,143104.3,43198.8,46235.4,85844.7,51281.1,50476.2,43859.3,81467.7,0
497461.1,677439.8,7505861.7,7756556.0,51967.2,142310.4,42895.5,46066.7,85010.6,51099.7,50808.1,44159.7,82038.7,0
487653.6,682063.5,7946610.3,8053526.7,51839.0,142037.4,42850.2,46203.1,84903.2,51263.4,50714.5,43998.2,81963.7,0
606401.7,718077.9,7371934.0,8378517.8,52335.9,143684.8,43230.7,46067.5,85227.1,51096.0,50540.4,43825.9,81686.1,0
545444.9,685652.2,7737151.1,8411634.9,51915.8,142361.3,42904.4,46187.4,85470.1,51146.2,50813.3,43963.9,81645.4,0
405563.3,623643.8,6784092.0,8537797.7,52059.2,142117.8,42998.6,46218.9,85327.2,51255.1,50834.1,44071.4,81965.3,0
378019.1,618379.0,6849514.0,8408907.0,52113.5,143160.0,43113.7,46095.2,85013.6,51224.4,50758.1,43873.8,81755.3,0
1114290.3,683604.3,7973768.5,7656329.7,52314.1,143943.0,42829.2,46296.7,85140.8,51159.9,50785.5,44011.2,81812.7,0
630250.8,700744.1,8340906.6,7743013.3,52465.7,143513.2,42706.0,46358.9,84820.4,50695.1,50915.3,44158.2,82078.3,0
537922.0,652868.7,6643617.9,9668430.3,52418.0,142411.9,42825.3,46390.0,85048.8,51047.4,50645.5,43911.8,81209.3,0
366028.1,589543.1,7108187.9,7585136.3,52340.4,141853.0,42593.8,46402.4,85071.5,50768.3,50545.3,43767.6,81217.3,0
328046.4,552500.2,6864292.2,8624479.6,52347.0,141973.1,42525.1,46307.8,84497.2,50659.4,50617.0,43764.9,81743.3,0
433419.4,636544.8,7147135.9,12030266.9,52930.7,144636.8,42948.0,46464.8,84951.5,50925.1,50946.4,44019.2,82258.9,0
649161.1,694531.8,8006249.1,9042399.0,52832.3,145265.4,42877.2,46561.8,84669.8,50852.4,50949.2,44070.7,82246.3,0
597003.3,676782.9,222836304.0,12000476.7,52614.9,143098.7,42683.7,46595.0,85266.3,50741.1,51003.5,43986.4,81617.2,0
550520.6,655396.3,7058915.9,8530968.3,52698.3,143100.4,42599.6,46729.3,85310.4,50873.8,51216.5,44131.0,82100.2,0
820037.9,722958.8,9286563.7,8524827.5,52847.5,144534.6,42832.0,46765.2,85179.4,50763.8,50968.6,43821.8,81390.9,0
837506.0,750930.6,10770406.8,223793807.5,52875.3,144508.4,42789.3,46524.1,84808.4,50549.6,50885.8,43958.6,81832.5,0
1275937.1,642498.3,6906143.1,7244984.7,52793.0,143219.8,42578.5,46531.7,84942.1,50694.3,50915.4,43858.5,81567.3,0
450551.1,587192.6,7987985.2,9151856.8,52754.7,142995.0,42572.6,46413.0,84608.5,50839.2,50892.1,44032.4,82039.4,0
477011.5,636773.3,9287326.4,9737740.9,52825.1,144636.0,42726.4,46686.0,85498.8,51187.6,50800.2,44216.9,82661.1,0
826165.6,750991.9,6919908.3,8199922.3,52570.4,143325.8,42548.4,46261.5,85453.7,50960.0,51032.6,44209.4,81943.9,0
865988.2,752311.8,7605763.0,7921830.5,52842.0,144181.2,42577.4,46340.2,85379.7,50925.8,50932.5,44100.4,81976.1,0
490536.4,661400.9,11071610.1,9705983.5,52686.0,143044.6,42748.1,46512.0,85524.0,50973.7,51011.1,44050.8,81798.8,0
702975.4,702296.8,6438795.8,8560653.9,52370.1,143546.1,42733.0,46588.7,85112.3,50774.5,51020.6,44148.4,82154.2,0
1000147.9,769196.6,7319051.0,8645978.8,52781.5,144442.9,42849.8,46641.8,85411.2,51169.4,51106.7,44100.4,82370.9,0
832290.9,729367.3,7029382.7,9142933.2,52277.6,143480.9,42699.5,46193.8,84710.1,50573.1,50998.5,44086.6,82114.0,0
898945.2,756283.3,7407339.3,8199966.5,52609.1,143539.6,42984.3,46797.3,85645.1,50887.5,51089.5,44189.3,82355.2,0
744399.0,717893.6,8461857.0,9315946.0,52331.2,142863.9,42950.3,46639.6,84944.9,50705.5,51118.4,44181.2,82235.0,0
760503.8,729720.6,6148851.1,6790007.7,52537.3,143013.4,42954.0,46583.5,85346.6,50550.9,51057.5,44121.7,82142.2,0
774859.1,723841.9,6983336.2,14342612.1,52690.5,143678.0,42884.9,46809.2,84981.1,50771.1,51008.5,43998.7,81677.7,0
438498.2,603953.1,7495228.8,8686657.5,52630.1,143597.6,42890.2,47032.2,85291.2,50835.0,51036.2,44089.2,81957.7,0
485280.5,619970.8,7906609.3,8713646.2,52372.0,142605.4,42701.0,47024.8,85105.0,50909.4,51221.5,44059.1,81541.7,0
832925.6,737646.2,9967950.8,8765353.4,52508.0,143050.2,42655.7,46869.2,85422.6,50446.1,51250.9,43968.3,81437.2,0
807121.5,714427.6,7195817.2,12404852.8,52664.6,143991.9,43034.8,46813.4,85150.0,50320.8,51266.0,44025.2,81902.3,0
556268.9,628846.4,8401203.6,9476372.1,52667.0,142506.2,43008.7,47083.5,85816.9,50995.3,51663.8,44367.7,82123.8,0
445992.6,578260.2,8313913.6,7850330.2,52309.4,143038.2,42737.0,47019.5,85347.2,50892.1,51351.7,44076.7,81767.7,0
520164.7,644832.3,7896266.1,8348772.9,52824.8,143898.2,43197.3,46710.2,84769.4,50458.6,51259.1,44059.1,81442.1,0
887011.4,770529.4,8049583.7,10227967.0,52474.1,143882.1,42939.1,47097.7,85267.1,50654.7,51301.0,44166.2,82154.6,0
1005800.9,788721.1,7265001.9,8854307.2,52849.2,144383.6,43000.7,46929.4,85285.2,50797.0,51375.0,44179.3,81715.2,0
542079.7,656304.6,221902903.4,10123928.7,52956.5,145451.2,43077.4,46792.6,85024.6,50642.0,51297.6,44172.4,82007.8,0
483314.5,611515.5,6404191.4,8388943.6,52705.5,144412.6,42978.6,47087.5,85631.1,50970.3,51420.3,44325.3,82227.1,0
420664.9,602910.5,7205654.1,8777581.6,52594.6,143618.5,42861.4,47112.7,85265.0,51058.3,51283.7,44119.5,81698.0,0
384124.8,680672.2,7235134.7,8581779.6,52832.9,143901.2,43043.4,47132.2,85712.4,50954.4,51245.1,44031.2,81713.8,0
429841.6,713532.9,6199431.8,9002698.5,52945.8,143839.4,42818.2,46939.7,85187.1,50928.7,51233.6,44120.7,82001.8,0
471322.0,634874.4,9355026.9,8705728.2,52769.2,143515.1,42995.0,46804.2,84825.9,50602.6,51272.4,44154.1,82220.0,0
528600.8,686331.6,7669392.8,8875519.0,52896.0,144589.2,42911.5,46980.7,85227.6,50688.4,51304.0,44032.3,81814.9,0
539001.3,689991.1,7301040.8,8897969.5,52815.1,143744.9,42829.0,47134.9,85471.9,50860.0,51357.8,44077.7,82002.1,0
508137.8,638882.6,10737312.2,7759316.5,52799.3,143640.0,42786.1,47030.6,84776.1,50985.0,51299.3,44113.4,82028.7,0
448544.3,608296.2,6506018.5,9272444.0,52725.2,144079.0,42795.2,46965.6,85071.3,50964.2,51119.4,43941.1,81595.4,0
1206311.7,672585.6,6990157.6,7694573.6,52953.3,143739.1,42831.1,47073.9,85028.5,50797.7,51341.1,44110.7,82152.8,0
473203.1,665330.6,7251894.7,8366782.6,52807.4,143458.7,42818.5,47237.6,85570.2,51220.2,51559.8,44326.7,82236.9,0
606992.2,697626.2,8396223.5,8192252.2,52897.4,143235.8,42809.2,47143.0,85198.1,50947.4,51344.3,44045.2,81768.8,0
589048.5,712276.5,7688509.1,7352667.1,52857.2,143441.8,42840.0,46843.2,84744.0,50764.6,51266.8,44032.2,81783.9,0
469495.6,657389.0,7371484.1,11409665.0,52434.9,142882.2,42823.0,47019.5,85487.4,51200.9,51366.5,44229.5,82031.6,0
440307.7,647650.0,9392156.1,10140095.7,52658.3,143145.2,42827.8,47220.2,85649.8,51182.1,51271.7,44042.7,81736.0,0
434252.5,655699.1,7244069.3,8896801.8,52879.8,144126.5,42938.9,47066.5,84989.6,51084.3,51398.9,44119.4,82112.5,0
444014.5,645387.4,6990303.3,9312723.9,52831.0,144236.6,42985.1,46871.5,84640.6,50961.9,51128.7,44072.9,81641.4,0
455860.6,648780.2,222283612.9,9027683.7,52846.7,144708.7,42847.5,46946.8,85068.8,50961.3,51208.1,44050.1,81663.0,0
464611.6,644810.5,8056794.3,8852409.5,53007.3,144246.7,42980.3,47130.7,85135.2,51161.5,51503.1,44392.9,81839.7,0
452973.6,647690.1,24776952.8,10706938.1,52850.7,143907.9,43023.1,47058.0,85158.4,51016.3,51407.0,44175.9,82554.3,0
442707.5,658788.4,8102398.1,8515459.8,52893.4,143302.0,42891.0,46856.5,85007.5,50862.4,51546.4,44380.6,82250.6,0
455932.6,652103.4,8565244.9,9351911.1,52945.0,144662.4,42901.8,47247.3,85264.5,51065.0,51580.0,44228.0,82242.2,0
401099.6,635357.6,6592415.5,9089672.2,53254.5,144564.3,43167.8,47283.8,85917.6,51224.5,51305.5,43984.9,81888.9,0
364672.3,609619.9,7475815.1,8582498.9,52850.0,143012.5,42808.0,47211.9,86010.1,51322.7,51434.7,44193.3,82118.0,0
364702.6,601787.0,6710434.1,7903592.6,53109.0,143481.9,43003.5,46982.9,84699.6,51005.0,51496.3,44260.4,82224.5,0
765252.4,615326.2,7023023.7,7981366.2,52731.1,144133.0,42880.6,47006.0,85308.4,50984.3,51757.4,44498.9,82716.5,0
336107.4,581652.9,7007149.0,7833629.9,52857.5,143616.3,42969.6,47253.4,85645.1,51372.2,51522.9,44088.2,82121.8,0
352660.8,592929.0,6948309.2,9382223.0,52894.9,143094.3,43044.3,47218.6,85654.2,51184.4,51514.3,44278.8,82150.9,0
356966.8,592488.5,6819976.6,7682239.3,52980.4,143577.7,43028.8,46764.6,84957.1,50874.4,51362.8,44154.9,82160.5,0
343823.0,586236.0,7525039.3,8758368.9,53086.3,144728.8,43126.2,47013.8,85525.3,51157.0,51266.9,44120.6,81956.9,0
334283.3,580878.5,6804099.9,8127462.1,53038.4,144275.7,43180.3,46737.0,84708.9,50786.7,51514.6,44249.3,82117.1,0
330239.4,568141.1,7554028.6,221727528.7,52891.6,143925.2,43085.8,46967.2,85487.2,51101.4,51732.3,44237.4,82352.2,0
355881.4,604560.6,6909602.4,8795044.7,53093.3,145111.1,43207.4,46724.2,84775.9,50654.0,51598.9,44274.8,82429.1,0
365025.4,615356.3,7467022.2,7899111.6,52727.6,144155.2,42955.1,46946.8,85443.8,51222.2,51862.4,44498.8,82750.9,0
370544.6,626662.8,7923872.8,8696019.8,53031.8,144666.8,43076.4,46852.0,85075.3,51029.5,51681.7,44318.2,82550.9,0
376538.5,634513.8,7972211.6,7779045.1,53154.6,145511.2,43201.0,47032.4,85748.9,51255.3,51651.7,44467.9,82822.7,0
380225.7,633773.4,6068374.0,8153818.2,53040.9,145635.7,43276.4,47041.6,85579.6,51252.7,51559.0,44248.6,82662.7,0
376070.4,622645.7,7250079.9,7925052.0,53022.7,144761.4,43092.5,46768.6,85463.1,51211.4,51571.9,44205.2,82654.8,0
380295.8,624805.4,7655561.9,221625929.0,52545.7,143864.4,42810.2,46456.7,85436.9,51170.9,51334.2,44059.9,82714.3,0
869281.1,628808.3,6630493.1,9817034.1,52895.9,144691.3,43059.7,46633.9,85194.7,51273.0,51402.9,44205.1,82378.4,0
385485.9,628511.7,7566652.2,7868213.9,52781.2,143325.9,42857.3,46987.2,85668.0,51485.8,51467.5,44113.6,82271.9,0
959781.0,666311.1,7742839.2,8938236.0,52564.4,144727.6,42720.0,46495.3,85555.4,50809.1,50886.9,43664.4,82376.5,0
403489.9,641508.5,7861926.1,9577388.0,52611.0,143837.1,42705.1,47006.2,85736.7,51173.4,51584.3,44154.1,82493.7,0
395173.0,631850.2,6907161.9,8775947.1,52911.5,143958.9,42902.9,47201.8,85836.0,51251.1,51595.0,44067.6,82412.5,0
411768.6,652401.0,7342094.5,8134997.1,52670.6,143870.0,42797.5,47110.5,85222.1,51175.4,51555.2,44037.9,82430.8,0
406420.6,634425.9,7077435.8,7971768.7,53422.1,145308.3,43211.9,47491.9,85884.7,51398.9,51401.3,43956.0,81850.9,0
410547.8,640998.2,7004801.8,8207495.0,52885.6,142930.0,42854.4,47169.9,85264.5,51133.9,51846.0,44195.1,82514.8,0
412428.9,642736.2,11220125.6,7699139.5,52938.6,143687.1,42856.6,47007.0,85006.7,50946.1,51646.6,44209.4,82626.1,0
417058.6,644117.4,6521629.2,13286777.8,52994.7,143473.8,42942.6,47016.1,85055.0,50853.7,51562.1,44086.9,82259.7,0
418824.0,645140.3,221877182.6,8475196.4,52784.8,142995.0,42842.9,47218.5,85405.8,51125.7,51846.5,44195.4,82471.5,0
406194.4,616414.6,6779111.9,7794894.0,52489.2,142398.7,42613.5,47298.0,85535.2,51135.5,51338.2,43883.5,81908.0,0
405313.9,624048.8,7682793.3,8269496.8,52863.8,144208.3,42912.1,46981.6,85331.4,51298.8,51349.2,43945.7,81956.2,0
413678.3,624305.6,9872577.9,8843703.3,52895.6,143871.8,43016.6,47168.1,85957.7,51523.7,51451.9,44075.6,82577.2,0
424636.3,646006.6,7465666.4,8578111.6,52948.0,144884.0,42983.9,46874.6,85596.6,51334.7,51444.6,44180.4,82534.7,0
399507.7,629482.1,6230933.0,11415471.9,52858.9,145162.7,43009.3,47038.9,85932.6,51446.2,51278.6,44216.1,82486.4,0
380071.2,609975.3,10817556.1,8651622.3,52967.5,144699.4,43081.9,46890.9,85467.1,51393.0,51430.3,44201.2,82493.0,0
355317.1,581032.3,7103598.1,9608801.7,52890.1,143708.9,42908.1,46586.3,84925.8,51115.9,51667.1,44240.0,83224.9,0
351226.6,581102.8,7086959.4,9077121.5,52784.4,143414.7,42898.8,46597.7,85304.1,51377.6,51031.0,44056.9,82590.7,0
349394.3,584460.7,6751425.3,7920967.6,53075.2,144344.4,43020.4,46807.1,85637.9,51551.8,51347.1,43999.6,82571.8,0
354101.0,588388.0,7945113.8,10357355.7,52816.6,144176.8,42986.4,46988.8,85575.7,51600.5,51498.7,44259.5,83003.6,0
338188.0,580975.7,7701196.5,7517365.0,52804.3,143166.6,42807.8,46969.1,85821.8,51563.5,51660.9,44333.9,83275.3,0
341188.7,578670.0,7085504.2,9210396.3,52981.8,144622.7,42935.4,47091.6,85919.1,51694.1,51546.4,44301.3,82921.2,0
334506.0,583387.3,6311703.0,8305868.1,53160.3,145460.8,43086.4,46824.1,85509.3,51265.1,51343.2,44112.2,82363.5,0
322993.7,568340.4,7517660.2,7952794.8,52864.6,144025.1,42896.9,46849.3,86651.8,51623.9,51123.4,43950.7,82706.3,0
327353.1,571595.2,6754020.3,9108819.6,52938.7,144694.9,42956.6,46605.3,85859.8,51347.9,51171.6,44107.2,82559.3,0
677505.4,584423.5,6903969.6,8821856.6,52720.7,144284.7,42875.1,46558.6,85749.9,51410.6,51153.5,43936.7,82138.1,0
801193.0,579930.3,7206332.1,9088458.0,52697.5,143838.2,42911.8,46625.8,86417.7,51388.9,51314.5,44150.3,82750.3,0
328771.0,574427.0,226778474.8,8890249.5,52943.4,144232.8,42972.3,46833.7,86388.5,51622.6,51081.6,43877.9,82002.8,0
329018.4,568744.1,221781589.0,8319145.5,52959.9,144229.2,43182.5,46905.7,86442.2,51400.9,51379.6,44143.6,82700.2,0
326959.2,564479.0,7601748.5,7946262.6,53077.4,144567.8,43126.7,46969.9,86634.0,51426.9,51519.0,44010.9,81982.3,0
341882.5,578888.1,6944822.9,8186927.9,52945.0,144267.7,43031.0,46721.5,86026.1,50776.7,51832.0,44121.8,82367.9,0
326007.6,559473.6,13085059.4,222365357.3,52671.6,143875.1,43059.9,47120.8,86626.7,51129.3,51678.2,44179.9,82554.9,0
327606.6,576092.0,6575050.5,8829869.3,53048.0,144712.2,43396.8,47174.0,86383.8,51172.9,51680.1,44248.5,82528.9,0
354532.5,595124.0,7193772.2,9920446.0,52831.3,144794.5,43368.1,46987.1,86301.1,51275.4,51476.3,44010.9,82332.2,0
348029.9,583142.2,6253350.2,8499209.3,53030.0,144432.0,43244.6,47040.3,86439.2,51323.4,51502.1,44117.4,82249.7,0
441576.1,693274.0,7187454.6,9453819.4,52875.9,144261.9,43277.2,47126.5,86758.5,51485.3,51791.4,44177.1,82548.9,0
506705.4,744836.3,7787955.3,8689198.1,53155.7,145451.2,43250.8,47136.0,86483.8,51375.0,51797.1,44225.7,82887.0,0
589056.3,775305.9,7875843.7,8093284.4,52755.4,143341.1,43082.9,46796.0,86268.2,51354.4,51373.6,43992.3,82401.9,0
581979.7,771871.8,7839122.5,8191132.3,52863.6,144233.0,43161.9,46442.2,85656.5,51308.1,51524.5,44037.1,82972.1,0
597633.2,776641.6,7556679.7,9291922.8,52933.9,144266.8,43155.4,47060.6,86497.2,51544.4,51582.3,44371.7,83486.4,0
438692.9,663796.5,7750559.8,8751687.8,53057.3,144447.3,43077.4,46812.0,86053.4,51259.3,51648.2,44328.6,82563.1,0
338664.1,568005.9,6965531.1,7993679.3,53212.5,144044.6,42781.9,47246.6,86483.1,51589.4,51760.2,44166.4,82662.4,0
459115.8,692052.5,6781813.5,9275159.8,53308.3,144087.0,42976.2,47078.1,85822.3,51111.4,52123.3,44462.6,83096.6,0
629993.5,780212.5,6729459.8,8506563.7,53357.8,144717.1,43161.4,47364.1,86356.5,51394.0,51669.3,44100.8,82198.9,0
1351493.6,832583.2,8509168.0,8300617.2,53164.1,143717.5,42905.4,47037.6,85802.3,51015.8,51706.6,44204.8,82524.0,0
849416.3,813085.8,6879455.9,7807305.3,53099.8,143592.0,42938.4,47195.2,86311.3,51413.6,51660.9,44206.4,82239.5,0
878463.0,807663.8,7120475.5,8836744.6,53024.2,143886.0,42891.1,47117.8,86350.1,51150.3,51287.8,43920.2,81983.5,0
1344459.7,817178.3,7874958.0,8858713.4,53242.3,144588.0,42870.6,47098.9,85886.9,51355.9,51630.2,44241.7,82814.9,0
883937.6,833939.7,7341256.4,10200749.2,53139.6,144727.6,43094.1,46771.6,85831.7,51156.9,51444.4,44176.2,82588.8,0
895375.0,840132.6,7561520.1,19550806.7,53096.7,144459.2,42894.2,46708.8,86292.8,51136.5,51506.4,44184.5,82633.4,0
866157.4,832981.2,6701443.5,8256370.4,53180.2,143786.5,43044.1,47020.3,85929.0,51462.4,51679.5,44450.5,82898.9,0
897526.1,826444.4,7066461.0,9195391.2,52878.0,145080.7,42743.0,46567.5,86225.6,51042.1,50924.8,43811.0,82193.5,0
877552.7,827926.9,6853861.1,8975372.5,52871.4,143481.8,43087.7,46805.0,86150.8,51546.9,51481.3,44249.8,83262.7,0
881252.4,816333.2,7522494.3,9034717.0,52670.8,143010.0,43057.4,46449.7,85794.0,51619.8,51487.7,44179.0,82913.9,0
893845.8,820572.8,7744748.6,9019410.5,52420.8,144016.7,42879.0,46414.6,86561.0,51482.5,51350.1,43960.8,82746.6,0
892917.6,824611.7,6645407.7,8658791.3,52928.1,144387.7,43178.7,46842.2,86499.4,51623.4,51493.3,44145.9,82925.8,0
898982.2,828795.0,6546500.4,13122099.1,52958.9,144846.4,43138.6,46782.3,86187.0,51691.8,51669.0,44441.1,83449.0,0
890368.5,826424.8,7030966.3,10124013.7,52780.1,144396.0,42960.0,46728.2,86281.3,51675.8,51610.5,44321.2,83173.3,0
884416.4,828513.1,6146814.8,8259070.8,52972.5,143860.7,43088.0,46947.9,86753.1,51717.7,52142.9,44551.6,83419.3,0
890362.8,827635.9,7719193.2,10800144.2,52984.1,143936.6,43057.7,46975.7,86514.7,51558.6,51583.9,44260.8,83046.3,0
896867.5,832433.3,7673574.0,11416996.2,52998.8,143328.0,42975.6,46743.6,86049.5,51508.5,51716.4,44400.6,82704.4,0
899403.0,832714.4,221970207.1,9080987.8,53073.1,143947.8,42986.8,47080.5,86431.7,51689.3,51252.4,43958.1,82515.2,0
892940.4,838502.2,7119760.5,8816476.3,53164.7,144146.0,43054.2,46762.8,86280.7,51685.7,51670.0,44350.6,82873.6,0
902116.9,824729.1,7292000.3,11473179.1,53207.1,143113.7,43070.1,46971.4,86659.4,51788.5,51548.9,44331.5,82938.1,0
872926.7,828572.2,7131827.8,17212473.9,53202.4,144443.6,43076.2,46869.2,86544.9,51606.3,51573.8,44307.9,83363.5,0
822725.9,813936.7,6553629.6,7667407.3,53486.6,144061.5,43250.5,46916.5,86392.8,51652.9,51768.9,44348.1,83027.4,0
857965.2,837862.1,7003728.2,8981637.5,53284.5,142962.1,43021.7,47100.5,86254.8,51481.3,51515.7,44194.5,82425.9,0
851329.3,832111.3,7380504.5,10094091.8,53266.8,144690.5,43074.3,47344.6,86576.0,51341.1,51909.3,44163.5,82641.1,0
899979.8,828096.3,11987375.0,8948625.7,53315.5,143805.2,42915.9,47236.0,86525.0,51291.0,51725.3,44057.3,82201.9,0
889448.5,819571.8,7228369.1,13802368.2,53181.7,143229.0,42992.6,47105.3,85792.3,51101.3,51881.4,44354.4,82622.3,0
894046.7,831671.0,6770621.5,9806918.4,53543.2,145149.9,43072.9,47279.7,86084.4,51392.8,51855.6,44276.6,82602.0,0
886711.6,830440.0,6734917.4,8131439.3,53456.1,144938.9,42994.5,47288.7,86243.2,51295.2,52114.5,44532.7,83058.6,0
1286691.4,836850.3,6765890.2,9070246.5,53184.1,144513.7,42941.2,47203.4,85765.9,51565.1,51831.1,44231.1,82423.2,0
883052.5,830476.7,9510013.0,8963089.0,53403.9,145615.0,43166.0,47235.8,86000.4,51615.4,51855.6,44190.0,82782.7,0
898611.7,844630.7,6693006.4,8446567.4,53415.3,144157.1,43026.4,47355.2,85951.5,51386.6,51729.8,44252.7,82570.0,0
890177.3,824749.3,7321139.6,8401601.7,53419.9,144413.7,43072.8,47308.8,86212.2,51446.2,51848.2,44272.6,82638.6,0
886828.7,826944.4,6787247.0,7892851.9,53335.4,143272.3,42927.9,47050.3,85606.3,51297.9,52188.6,44472.9,83207.6,0
881385.4,833161.1,6797712.7,8947038.8,53336.4,144443.1,43124.2,46979.1,85677.3,51360.6,51947.9,44398.4,82893.8,0
891678.7,826955.9,7806579.3,11683508.7,52966.8,143280.5,42897.1,47153.3,85857.5,51481.2,51749.1,44225.7,82968.5,0
876811.6,816636.4,6559202.7,9766496.3,53086.2,142921.7,42942.6,47378.5,86281.1,51712.1,51864.4,44232.5,82650.8,0
874488.7,820030.2,6681104.8,9444694.2,52823.0,143249.8,42724.0,47080.9,85606.8,51413.1,51852.8,44280.9,82860.1,0
859158.3,816715.6,7270280.1,9760311.7,53351.6,144701.9,43081.9,47268.1,85878.9,51582.7,52079.8,44445.5,83122.5,0
883375.6,813931.9,6434619.7,7900448.1,53146.4,143361.1,42937.9,47349.7,85937.3,51480.8,51933.6,44373.7,82732.3,0
871720.4,822218.5,6881376.9,9182352.1,53678.2,145416.7,43232.3,47572.9,86441.7,51542.3,52131.8,44461.6,82900.1,0
884069.6,810443.0,6977862.9,8791503.4,53397.6,144288.5,42889.0,47333.0,85580.1,51547.6,51795.2,44279.1,82482.5,0
887584.3,828067.1,6670976.5,8534001.9,53660.2,144834.6,43215.0,47348.4,85819.5,51408.5,52009.3,44267.3,82685.4,0
888370.6,818458.0,6744727.5,10338723.7,53434.3,144633.6,43043.6,47196.0,85438.0,51074.7,51829.1,44285.7,82370.3,0
874404.1,823627.4,6788646.0,8987511.5,53347.7,143108.6,42924.3,47596.5,86036.5,51532.4,51873.3,44200.0,82647.3,0
883782.6,825715.0,6863415.2,8975874.5,53502.0,144120.8,43138.8,47760.0,86402.5,51765.0,51757.0,44212.3,82419.0,0
885536.5,836090.4,7366008.1,9341874.0,53459.5,144211.0,43044.4,47335.9,85837.5,51550.0,51904.1,44202.4,82473.4,0
899543.2,817087.7,6583250.3,9844242.1,53629.4,145114.7,43251.7,47262.3,85699.7,51380.8,51913.4,44331.4,82441.0,0
892657.7,821634.2,6257244.7,8718040.5,53524.4,144096.6,43105.7,47357.4,86059.4,51376.9,51788.4,44329.2,82910.7,0
889085.6,820808.2,8453055.8,223336463.5,53385.9,144187.8,43104.1,47339.5,85857.7,51373.9,51828.4,44169.1,82474.4,0
893982.3,821524.3,7284860.1,8931447.7,53806.1,145338.3,43252.9,47491.4,86100.1,51646.3,52155.3,44442.4,83036.8,0
885258.2,816737.2,7003531.5,9672230.3,53300.9,143344.7,42882.6,47439.7,85843.7,51233.4,51935.6,44445.3,83098.7,0
1486722.0,835505.1,7184724.7,9174810.9,53399.3,144400.2,43013.2,47348.6,85850.4,51581.8,51934.9,44455.6,83152.3,0
876966.1,828238.6,7426450.4,8866956.8,53636.1,145151.8,43179.4,47521.3,86525.8,51858.5,52036.8,44494.8,83078.6,0
879484.7,827330.1,7514357.5,11262764.5,53357.0,143936.2,43011.7,47272.6,86121.2,51717.3,51988.9,44507.7,82968.9,0
874727.5,829605.7,7013581.6,9698395.2,53301.9,143824.7,43215.1,47214.4,85931.2,51511.6,51791.4,44318.6,82448.6,0
881593.9,832838.8,6902787.5,10335343.5,53405.7,144201.0,43219.6,47297.8,85820.8,51566.6,51890.4,44350.2,82699.1,0
868243.6,820009.2,7104189.1,7179084.4,53179.3,142908.8,42894.8,47591.5,86181.8,51698.3,51784.1,44280.0,82598.1,0
891136.8,1307527.5,7745558.7,10368439.8,53321.5,144140.7,43076.5,47052.5,85825.5,51379.6,52265.1,44597.7,83160.2,0
861913.8,816331.1,220896919.3,10605642.0,53138.0,144277.8,42946.8,47477.2,86106.3,51661.2,51930.5,44233.6,82654.8,0
869431.4,827591.8,7457858.6,9544528.0,53414.5,144885.3,43106.4,47416.8,86188.2,51703.1,51889.5,44298.6,82708.3,0
871900.7,814324.6,5950532.5,9066923.2,53319.0,144536.2,43097.4,47343.3,86264.3,51567.3,51839.8,44216.7,82493.8,0
868503.2,816195.1,6770623.9,221530758.8,53230.5,144632.8,42987.9,47157.8,85634.5,51405.7,52001.6,44461.5,83144.4,0
872919.4,816303.7,7025170.3,9393356.8,53660.1,146588.6,43375.4,47397.4,86729.7,51661.9,52095.6,44454.1,83151.4,0
868708.6,805327.9,6427793.0,17583832.9,53406.8,144687.3,43257.2,47254.9,86056.2,51615.8,51874.0,44380.2,82814.4,0
877133.4,816774.2,7746121.0,9969186.3,53302.2,144394.6,43099.9,47168.1,85983.8,51366.5,51971.3,44456.2,83243.5,0
1187952.9,813921.3,9359738.7,7027687.0,53174.6,145058.2,43040.0,47344.1,86148.1,51556.4,51742.8,44135.8,82498.8,0
863737.9,811502.7,7639766.2,8853982.5,53248.1,143941.9,43186.2,47355.6,86160.4,51759.1,52004.4,44364.3,82945.9,0
884131.4,822613.4,6616370.5,10144078.8,53197.1,144202.9,43070.8,47238.9,86396.8,51577.2,51958.9,44433.8,83209.7,0
870826.0,827266.8,7359624.9,9477844.3,53540.4,144975.4,43240.9,47423.9,86314.1,51696.5,52188.1,44537.7,83514.6,0
858728.2,814961.9,8748157.6,8771548.3,53576.7,145124.2,43325.3,47147.6,86200.7,51525.8,51810.5,44164.9,82446.6,0
858456.9,822460.5,7879164.6,8799107.7,53185.1,144753.3,43111.3,47472.6,86308.8,51625.6,52131.4,44376.9,83148.1,0
877580.8,814040.9,6429510.0,9316129.0,53291.9,143995.6,43108.7,47186.6,85905.1,51524.2,51803.1,44131.7,82361.4,0
1226787.9,815922.2,6934777.3,8667868.0,53186.8,143768.2,43178.6,47456.8,86422.1,51458.4,51939.5,44240.1,82560.1,0
865929.5,808109.8,6814856.8,9508978.6,52978.4,143098.9,43030.0,47331.1,86236.0,51589.5,51940.8,44232.1,82498.6,0
855471.0,806209.1,7792682.2,8993355.3,53133.7,143799.8,43116.2,47376.5,86357.3,51543.5,51838.2,44190.8,82331.6,0
869373.0,809023.6,7026981.5,10722829.9,53583.6,144953.2,43361.4,47247.9,86025.3,51500.4,51961.5,44237.0,82477.3,0
871762.6,820574.4,7279910.0,8934315.1,53376.9,144230.9,43264.6,47466.4,86649.2,51790.8,51982.4,44312.2,82824.0,0
855852.5,810998.2,7071196.6,8576668.4,53284.4,144960.4,43407.3,47267.4,85884.5,51510.3,52146.7,44494.4,82961.9,0
866312.3,810084.3,6756943.0,8855891.4,52931.9,143639.6,43007.2,47463.1,86226.3,51631.6,52018.5,44303.9,82456.5,0
875404.9,817978.2,5995442.4,9535890.3,53251.9,144283.9,43140.8,47344.9,86001.2,51396.7,52024.5,44248.2,82770.2,0
865020.0,796899.5,7869795.6,7735978.2,53349.4,144639.3,43203.1,47643.6,86680.5,51733.2,52277.9,44436.6,82928.2,0
865606.7,805929.7,8189914.6,9025416.0,53384.0,144488.5,43268.6,47581.0,86208.8,51547.9,52125.9,44233.0,82914.7,0
878268.4,806565.8,221072876.5,9150345.4,52982.8,143232.8,43005.5,47357.7,85906.2,51382.8,52348.5,44519.3,83164.8,0
730110.2,784456.5,6611389.4,9567668.2,53029.6,144423.7,43180.3,47910.5,86897.4,51703.1,52099.6,44140.2,82553.7,0
868834.3,801764.4,6823282.3,7858499.8,53618.8,145832.2,43403.8,47605.1,86155.8,51506.8,52464.8,44390.9,83016.0,0
870619.0,813126.0,10305155.1,8712727.8,53382.4,144610.1,43288.6,47658.3,86433.0,51526.6,52455.3,44452.3,82993.5,0
873534.5,807206.3,7065078.2,9099739.7,53695.3,145453.8,43610.2,47527.2,86282.1,51587.2,52147.4,44342.6,82920.9,0
862544.7,810872.5,7915294.7,7970239.0,53331.6,144346.4,43303.4,47178.3,85718.9,51335.9,52372.3,44544.1,83162.4,0
862689.1,795993.7,7230988.3,12581691.3,53524.8,145070.5,43311.2,47533.5,86076.4,51505.7,52251.7,44443.9,83100.4,0
860579.6,812098.9,7551251.9,9003615.5,53536.3,144945.2,43264.9,47600.0,86350.7,51589.1,52000.7,44211.6,82596.7,0
869959.9,807992.6,7407264.2,7749185.6,53657.2,144810.3,43422.8,47428.8,86344.8,51468.7,52440.6,44622.8,83187.6,0
1231210.3,814986.0,6984608.7,8282677.0,53452.6,144838.6,43348.8,47362.9,85966.8,51646.7,51656.6,44085.2,82187.3,0
895622.7,818218.7,7562186.7,223718485.5,53580.7,145873.5,43499.9,47177.2,85786.0,51429.1,52051.7,44360.3,82925.8,0
873341.8,810007.9,7160779.1,9265855.4,53566.8,144723.1,43262.8,47324.8,86073.2,51623.4,51859.1,44228.8,82766.1,0
878770.7,829173.3,7264266.2,10252847.0,53361.5,143791.2,43146.6,47658.6,86774.9,51932.0,52058.9,44421.6,82960.6,0
1335271.8,831572.1,6118199.9,7812904.6,53580.6,143803.8,43315.5,47463.1,86226.4,51696.3,51961.3,44406.1,82677.1,0
880132.4,842985.0,6680353.3,8741349.1,53451.6,144668.2,43385.5,47291.0,86018.9,51647.8,52272.8,44396.9,83120.6,0
873795.8,816831.2,6172511.5,10018450.1,53586.4,144282.1,43405.9,47556.4,86161.2,51663.4,52127.4,44435.6,82871.9,0
878402.6,819894.3,7403057.8,9925770.0,53335.0,145265.5,43398.9,47271.9,86042.2,51402.8,52310.9,44414.9,83049.0,0
884354.5,818515.0,8937635.2,8434638.8,53383.7,144433.1,43258.4,47412.9,86025.4,51370.0,52444.6,44612.9,83304.7,0
877544.1,820911.9,6071469.4,8648120.6,53512.7,144301.2,43306.4,47446.8,86212.8,51687.4,52375.2,44559.5,83146.6,0
894706.4,824503.9,6170666.5,9304771.6,53254.1,143544.1,43248.0,47399.7,85647.5,51315.8,52086.6,44227.1,82546.0,0
870731.3,820586.7,6061831.1,10365418.0,53355.1,143906.0,43224.3,47772.7,86616.8,51984.5,51941.1,44169.8,82272.0,0
865004.9,827482.1,6667924.2,8042863.5,53034.0,143035.8,43095.4,47339.1,85980.7,51672.4,51749.1,44078.4,82509.5,0
875061.2,801738.3,6892175.1,9663389.9,53246.3,144377.5,43411.2,47341.1,86009.9,51364.0,52281.5,44422.3,83019.5,0
871254.0,824646.8,7254790.4,8837607.8,53485.6,145100.1,43429.3,47312.8,85904.0,51468.5,52329.1,44481.5,82950.7,0
873695.1,816125.1,7372883.9,8215531.6,53443.8,143502.4,43286.7,47346.2,86359.5,51656.9,52031.5,44172.2,82570.9,0
876719.5,817562.0,7194228.0,11162012.3,53389.8,144130.0,43284.1,47679.2,86762.7,51878.0,52126.3,44404.3,82622.0,0
859684.9,816168.4,6353902.6,8763195.4,53405.0,144738.9,43392.5,47446.8,86257.1,51741.0,52360.2,44533.5,83301.6,0
903891.2,827201.1,7451231.1,9487462.1,53337.0,143339.0,43289.9,47520.1,86512.7,51664.0,52376.6,44586.0,83268.8,0
871008.1,805490.2,6062458.2,10445134.7,53413.7,144277.0,43193.2,47482.9,86270.3,51658.1,52259.0,44519.5,82921.4,0
885229.6,818018.5,7150927.6,11139333.9,53397.2,144513.9,43360.5,47585.2,86678.8,51725.7,52467.6,44531.5,83004.7,0
876206.8,812063.3,8143849.9,10402770.2,53582.4,145618.5,43489.4,47659.3,86681.9,51876.5,52151.1,44289.8,82560.2,0
871829.9,814518.6,6863995.6,13620039.6,53491.6,145010.5,43488.5,47781.4,86981.1,51877.2,51996.9,44104.9,82316.8,0
873044.1,806380.4,6786503.0,10911167.5,53119.3,145023.1,43384.3,47638.6,86890.1,51797.0,52382.6,44406.4,82716.5,0
876232.9,799156.1,9370354.9,223335329.6,53391.0,144612.7,43483.6,47463.5,86108.6,51464.5,52419.6,44478.2,83126.1,0
865078.6,812886.4,6735054.7,9375928.8,53435.3,143229.6,43326.2,47707.9,86780.9,51636.0,52693.2,44601.1,83127.8,0
878884.3,815905.9,7665575.9,8140187.6,53466.5,144790.1,43439.6,47505.5,86260.6,51341.9,52396.6,44342.0,82997.1,0
875160.4,805954.6,7293669.7,8284310.0,53698.5,145176.8,43644.5,47605.5,86081.1,51400.9,52391.4,44507.7,82876.3,0
867812.2,808057.1,7145095.9,8510051.1,53739.2,145893.6,43612.6,47676.1,86574.2,51682.3,52692.6,44735.7,83458.5,0
1347561.5,821144.1,7171678.5,8566257.4,53438.2,144055.8,43515.6,47457.6,85879.6,51357.0,52119.2,44298.3,82788.0,0
878412.5,817453.9,6829011.2,11675120.4,53453.1,144272.3,43327.0,47492.9,85908.0,51498.0,52364.1,44451.5,82829.9,0
876500.3,813905.9,7336046.0,9021319.2,52954.8,142407.9,43047.3,47602.3,86276.1,51373.4,52429.8,44613.2,82903.0,0
864988.0,826947.4,6887579.4,9166841.3,53522.4,144432.8,43475.1,47635.7,86398.3,51697.8,52049.3,44311.1,82478.7,0
871782.5,816931.4,7781607.2,8124141.4,53433.7,143658.8,43382.7,47593.5,86015.5,51556.4,52446.7,44404.7,82834.2,0
872314.4,819228.5,221081220.9,8883242.3,53015.4,142668.9,43170.2,47788.8,86249.7,51472.2,52406.0,44518.5,83304.9,0
891360.9,814466.9,7004717.6,222014000.9,53579.7,143957.9,43429.3,47676.3,85930.7,51327.4,52512.2,44423.6,82959.5,0
874583.0,805512.4,7387499.9,8216992.5,53229.1,143921.2,42981.8,47826.3,86315.3,51130.6,52292.9,44166.9,82501.6,0
859135.1,816434.7,6218146.5,8833853.7,53395.5,144282.9,43163.8,47771.1,85579.4,51121.9,52745.7,44402.3,83209.9,0
867936.7,809294.4,6787517.8,9814948.4,53852.4,144647.1,43440.5,47792.2,85683.4,51118.3,52285.3,44132.5,82072.9,0
879532.8,813575.4,7341770.4,10377712.1,53134.8,143307.6,43045.3,47755.5,85815.3,51229.1,52093.6,44068.6,82202.9,0
867713.7,816169.0,6570764.1,9274349.6,53327.1,143467.8,43206.9,47822.1,85837.8,51468.0,52360.7,44267.4,82691.8,0
874240.0,821368.9,6847962.6,9216993.5,53510.9,144765.1,43519.0,47486.8,85379.1,51149.1,52339.5,44388.2,82716.4,0
861714.8,817105.6,7359698.2,9051151.7,53237.7,143478.5,43296.8,47692.1,85821.2,51378.7,52423.7,44497.1,83006.4,0
859307.6,821458.6,7691738.5,9253549.2,53390.0,144375.5,43348.8,47955.4,86447.4,51842.2,52467.0,44455.6,82819.9,0
1274581.9,804740.4,6186354.0,10300317.2,53284.3,144583.2,43366.8,47865.4,86075.6,51476.9,52275.2,44171.5,82402.2,0
865056.5,814513.3,7034801.2,10850785.0,53662.6,144913.0,43524.3,47574.9,86011.0,51237.9,52339.4,44271.3,82728.0,0
865134.0,797774.5,6744504.9,8402666.1,53475.1,143811.2,43225.9,47741.6,86524.0,51657.0,52446.2,44445.0,82956.6,0
854049.2,797770.1,6704345.0,10001437.8,53244.9,143338.9,43273.7,47466.4,85614.4,51358.6,52321.2,44472.7,83097.2,0
854225.5,800274.1,7453135.0,7521216.1,53309.1,144198.8,43324.0,47653.1,85886.1,51728.0,52215.2,44342.8,82700.4,0
856907.3,803687.3,6407058.5,11866597.8,53409.7,144675.4,43318.3,47816.4,85931.2,51671.1,52311.4,44281.6,82583.0,0
858999.8,794248.9,6279713.2,14686891.6,53531.8,144393.4,43403.3,47600.8,85810.0,51670.1,52509.4,44404.5,82852.3,0
862182.0,807537.8,6788920.8,8455880.3,53560.2,143415.7,43427.3,47928.9,86461.6,52083.2,52132.1,44216.1,82379.9,0
1390530.9,820523.9,6694808.1,9770993.4,53585.2,144553.1,43467.5,47674.4,85984.5,51554.4,52337.7,44300.1,82853.2,0
863808.1,809605.7,7387813.5,8030489.4,53448.7,144001.7,43322.8,47670.2,86077.5,51492.8,52530.5,44530.9,82975.5,0
852351.8,797333.6,6672075.1,8033135.2,53506.5,145290.8,43609.1,47474.1,85685.9,51457.8,52297.8,44436.5,82837.8,0
867051.2,806855.4,5785461.2,10063038.0,53224.9,142990.6,43224.3,47861.1,86158.7,51733.1,52767.1,44654.2,83244.3,0
861277.3,818459.4,7715599.2,221761661.0,53612.3,144171.1,43453.4,47738.1,86229.4,51617.3,52609.4,44603.1,83059.3,0
859427.5,798930.5,7025841.8,8613225.7,53406.5,144362.0,43294.3,47774.7,86442.8,51584.4,52118.8,44197.9,82392.1,0
862363.1,803928.1,7623341.5,9724890.0,53494.2,143380.0,43274.9,47798.6,86603.3,51618.6,52424.0,44457.0,82808.7,0
862099.8,814512.3,6775172.8,8985355.7,53531.0,145330.6,43338.7,47598.0,85814.7,51558.1,52466.3,44380.5,83179.3,0
860562.5,818319.6,8899791.5,8933180.9,53384.1,143824.0,43174.8,48087.6,86775.4,52029.8,52353.0,44555.5,83029.9,0
861251.5,806062.6,5954576.6,19535440.9,53570.9,144149.0,43504.8,47654.4,85943.7,51411.9,52422.4,44319.4,82619.4,0
859541.5,811458.0,8025027.7,9013449.2,53714.8,144616.8,43502.5,47802.5,86189.7,51704.2,52527.5,44565.1,83131.2,0
857759.3,813376.2,6671714.4,8365441.4,53726.7,144896.5,43451.8,47586.1,85921.4,51449.8,52446.7,44495.4,83139.3,0
839672.0,787626.9,7475372.9,8357014.2,53350.7,144196.3,43232.0,47829.2,86409.2,51856.7,52505.6,44371.0,82992.0,0
847958.8,803676.9,6704371.1,10089383.9,53302.7,143696.3,43371.0,47669.3,86203.3,51708.1,52346.1,44404.5,82610.6,0
852738.5,796598.2,6127351.1,8753066.9,53670.2,145115.4,43595.0,47637.3,86064.1,51598.4,52387.2,44424.4,82387.0,0
843617.7,801007.9,7168704.5,10018323.5,53345.9,143798.3,43259.6,47468.0,86176.6,51529.1,52207.5,44239.2,82555.0,0
855843.9,805900.0,8094764.6,222181306.0,53392.2,144089.8,43245.0,47769.5,86478.9,51785.8,52165.1,44261.5,82666.7,0
850347.4,792984.4,7412786.8,8571879.1,53603.7,144042.9,43425.6,47876.5,86829.9,52026.8,52646.6,44614.2,83370.3,0
1352416.0,819697.3,6476938.7,9624411.7,53724.5,143738.1,43489.8,47726.7,86114.8,51591.6,52565.7,44631.5,83284.6,0
846533.1,793694.4,6884050.2,8574428.5,53630.3,144760.1,43566.0,47477.0,85863.3,51454.7,52185.9,44301.5,82437.4,0
853267.8,802874.4,6220984.9,10662119.3,53698.7,144312.5,43457.8,47623.5,86661.7,51664.2,52734.9,44581.0,83303.9,0
856313.3,789176.1,7533460.6,9545047.7,53586.5,145198.3,43606.4,47832.9,86602.7,51768.6,52589.3,44691.4,83155.3,0
857176.7,807415.9,7568382.3,9702219.9,53480.3,144103.7,43503.9,47452.3,86093.0,51479.4,52527.0,44331.4,82629.1,0
865521.5,807997.8,6714456.1,10782680.1,53541.4,143546.8,43417.1,47618.4,86184.2,51451.9,52496.8,44493.6,83098.6,0
857350.8,809920.6,6324171.7,9753361.2,53572.0,143965.8,43584.5,47890.0,86475.8,51750.3,52300.8,44500.5,82740.0,0
855046.5,803935.8,6982516.4,8393537.3,53419.8,143045.8,43387.6,48040.8,87107.7,52145.3,52582.5,44577.1,83181.3,0
1157351.4,810426.2,7418761.3,9374968.8,53382.8,143964.3,43577.6,47668.7,86152.2,51519.6,52586.6,44594.2,82968.7,0
868012.5,804522.4,6959825.2,8790165.5,53310.8,144452.1,43402.0,47702.2,86587.9,51975.6,52517.4,44680.5,83114.2,0
861925.0,810195.8,6941206.0,12658541.5,53692.4,144650.7,43751.9,47742.2,86610.7,51762.0,52447.1,44605.5,83207.7,0
865773.5,804957.0,7259683.5,9209285.4,53160.6,143250.1,43348.5,47631.8,86385.0,51773.6,52419.8,44418.5,82850.5,0
856456.6,802860.0,6378322.5,9356845.3,53344.5,143121.4,43589.0,47345.0,85369.5,51394.4,52404.8,44408.0,82881.1,0
856117.4,805290.6,7136665.8,9781097.4,53150.5,143020.8,43407.0,47631.5,86278.3,51776.4,52674.3,44618.6,83285.0,0
891306.5,807742.2,6788654.9,10413691.7,53233.9,144247.2,43546.5,47664.8,86346.6,51646.4,52642.8,44486.8,82684.9,0
887614.3,803239.5,7232154.8,9583073.4,53598.1,143444.3,43653.6,47786.6,86091.7,51538.1,52447.9,44334.8,82896.1,0
872212.0,812774.0,8267148.0,11601556.2,53626.7,144936.3,43722.3,48053.1,86929.0,51948.1,52405.5,44404.2,82893.3,0
870423.8,819070.8,7442128.7,8604140.1,53324.6,142692.9,43395.8,47940.7,86463.4,51744.8,52587.6,44587.4,83316.6,0
879944.9,801798.6,13508292.9,8719639.2,53942.4,144411.4,43809.6,47784.3,86514.4,51835.4,52666.3,44581.7,83226.6,0
882723.4,808374.0,6733230.8,8934748.4,53760.5,144806.2,43761.8,47971.4,86585.7,51905.7,52588.4,44545.5,82983.2,0
880881.5,820288.8,7028830.1,9641759.1,53460.0,144187.7,43509.3,47915.1,86512.1,51800.2,52562.8,44555.9,82861.7,0
882414.0,816428.0,25865218.0,8690658.9,53449.1,144757.3,43663.2,48152.0,87321.4,52055.1,52459.4,44546.1,83146.2,0
885991.4,810230.1,8123653.9,8513019.5,53730.2,145038.4,43675.2,47675.1,85925.0,51475.8,52509.0,44326.4,82383.9,0
1334328.2,820562.9,7090863.2,8324870.1,53770.0,143935.8,43590.9,47777.7,86124.5,51789.5,52611.6,44505.2,82906.3,0
893488.4,806153.9,221820629.8,222374019.3,53276.5,142386.0,43299.0,47715.3,86137.4,51614.8,52697.4,44491.0,82787.4,0
869523.5,820324.8,7706879.0,8155799.3,53304.9,143369.8,43429.6,47794.5,86261.8,51638.1,52642.8,44570.4,83053.0,0
888736.5,809974.0,7358425.6,10339986.7,53438.1,144506.4,43427.4,47946.0,86692.4,51736.8,52501.3,44331.1,82561.3,0
877382.5,807934.4,6337312.5,9248487.4,53661.5,144132.5,43435.4,47843.0,85980.5,51474.3,52676.6,44483.7,82909.2,0
873707.6,820490.6,220540703.3,8836667.6,53514.1,143562.8,43423.4,47969.3,86607.2,51888.0,52494.8,44446.4,83008.7,0
878922.2,807122.7,6919160.1,8688659.6,53803.6,145135.2,43672.0,48192.0,87114.3,51835.0,52849.9,44621.7,82932.7,0
875714.1,803318.0,6487301.6,8073757.0,53711.9,143895.6,43696.4,48076.7,86830.5,51697.8,52755.8,44589.5,83453.2,0
866652.0,816739.2,6155291.3,10000075.5,53904.6,144313.2,43638.6,47888.6,86385.8,51582.8,52942.2,44782.7,83413.0,0
872933.6,800549.1,7003163.3,222658332.8,53935.2,144247.9,43773.7,47989.6,86289.4,51861.1,52765.9,44533.0,83042.6,0
860151.9,808529.4,6880887.5,9023149.6,53660.2,144941.8,43742.0,47995.6,86360.1,51599.9,53009.8,44585.0,83199.9,0
854278.9,802292.5,7884870.3,9864944.1,53575.5,143889.7,43670.2,48019.3,86107.8,51694.2,52910.4,44731.3,83409.4,0
864487.7,804957.9,7728554.5,19841528.3,53822.2,144776.7,43754.9,48127.4,86550.0,51808.5,53179.9,44769.6,83444.5,0
989140.6,824098.2,6341727.3,8000236.7,53878.5,144897.2,43749.7,47996.8,86299.9,51849.4,52774.2,44526.3,83179.1,0
916205.5,804427.5,6856657.2,9382685.4,53853.4,144221.5,43615.4,48192.9,86664.9,51863.4,52943.2,44612.2,83118.3,0
879059.0,802507.2,6978537.5,9106457.5,53998.2,144464.6,43821.6,47895.8,86161.5,51428.6,52925.8,44561.2,83213.8,0
853323.7,798022.0,8192417.1,9737893.9,53919.0,144998.7,43723.5,48123.4,86634.9,51856.8,52839.5,44555.6,83046.6,0
866554.6,796976.1,7147319.2,11061283.9,53793.2,144021.2,43610.4,48073.1,86847.5,51890.0,52496.8,44426.3,82679.1,0
834215.5,798662.3,6858392.4,8374946.8,53804.3,144795.9,43659.0,48271.6,86427.3,51955.0,53044.3,44822.8,83425.3,0
872282.5,811100.9,7599298.4,11159417.0,53770.8,144452.4,43595.6,47904.4,86262.1,51808.3,52443.4,44282.6,82649.0,0
852125.8,800072.4,6996148.6,7587663.1,53526.5,144544.8,43601.0,47766.4,85851.7,51643.4,52548.5,44553.1,83028.0,0
848439.8,804581.9,8035158.8,9492823.4,53815.1,144156.4,43613.9,47393.2,85518.0,51427.1,52326.6,44425.9,82838.7,0
1239960.2,830748.8,6884416.2,9063312.7,53960.2,145011.5,43864.5,47992.3,86669.0,51949.1,52960.7,44878.3,83667.5,0
722101.8,968394.9,4862514.4,10572497.1,53868.7,145278.0,43879.8,47901.0,86481.9,52058.4,52880.8,44768.3,83570.3,0
697190.9,964788.4,5110738.9,10319250.2,53576.8,144213.6,43393.7,48101.6,86909.3,52099.5,52383.3,44363.5,82822.3,0
780600.0,898485.5,4919245.3,9043740.4,53779.1,143681.5,43533.7,47926.4,86213.9,51975.2,53025.2,44796.0,83826.9,0
941764.5,870760.3,5360870.7,9198548.6,53994.2,144910.9,43588.3,47762.7,86226.1,51575.9,53080.4,44762.4,83281.6,0
799362.9,904728.3,4963972.1,8430976.6,54170.4,145319.9,43576.0,47916.5,86068.0,51729.3,52862.4,44563.0,83049.7,0
577238.6,978447.9,4971929.7,10340839.4,54034.3,144777.4,43522.5,48116.5,86654.8,52052.8,53129.3,44614.1,83270.4,0
551794.5,998863.7,4854594.7,10084877.7,53943.7,144592.0,43335.1,48189.0,86547.5,52220.0,53175.2,44866.7,83780.7,0
827684.9,919407.0,5318070.2,7887766.2,54276.2,144747.8,43400.9,47762.5,85907.9,51755.8,53222.4,44689.4,83573.7,0
856483.1,829805.4,6081615.9,7802150.6,53943.9,144091.7,43348.2,47892.4,85924.4,51793.4,53050.9,44658.9,83367.0,0
572784.8,987112.0,4712631.7,9451667.2,54496.4,145791.4,43540.2,48029.8,86114.7,51840.9,52764.7,44523.9,83006.5,0
571122.5,965615.4,4927762.6,27605442.7,54226.7,143752.7,43193.5,48315.2,86636.2,51994.0,53159.7,44663.3,83421.5,0
569214.1,939659.7,4811765.8,9697386.6,54676.8,145482.1,43401.0,48196.4,86336.2,51912.2,53157.6,44929.0,83444.4,0
658126.6,969721.2,4563516.1,11388482.6,54342.8,145024.2,43300.1,47950.1,85859.4,51686.0,52771.1,44540.0,82960.8,0
922054.7,813293.3,7994969.2,8584411.0,54423.0,145474.3,43388.6,47892.1,86116.2,51888.5,53090.9,44818.7,83535.6,0
848846.5,810142.0,6520899.3,16864393.0,53930.0,143949.5,43170.7,47741.5,86158.0,51706.5,52652.6,44513.8,83172.6,0
832753.9,810033.4,6280633.2,9300579.6,54123.6,145443.9,43288.4,47954.8,86379.1,51947.8,52607.7,44484.9,83303.5,0
557629.6,940007.2,5238702.2,11913404.8,54142.4,143859.3,43138.1,47853.2,86393.1,51947.5,52878.3,44689.9,83364.9,0
599710.1,1009825.8,5055178.0,17678330.6,54292.5,145340.6,43265.2,47760.4,86259.2,51978.1,52564.7,44546.9,83366.7,0
349610.7,939162.4,4143414.1,15049207.7,54394.6,145617.1,43289.6,47960.0,86869.7,52582.1,52687.1,44639.1,83984.4,0
386181.5,927133.2,4388439.9,12208165.1,54143.5,144293.2,43096.8,47762.6,86262.1,52168.8,52307.5,44438.4,83502.8,0
517299.1,906427.0,4762936.3,15669312.8,54325.4,146647.7,43150.1,47551.9,85928.0,51850.4,52492.2,44641.9,83680.3,0
474019.1,916508.6,4498118.9,10872404.9,54490.5,145074.9,43181.8,47519.5,85910.1,51927.1,52513.1,44603.1,83480.8,0
305062.1,930418.0,3658818.4,20824590.4,54359.9,144597.2,43068.6,47778.8,86293.7,52126.6,52590.4,44601.7,84179.5,0
311839.6,899411.7,4864619.2,17202278.6,54540.2,146046.9,43220.6,47651.2,86276.6,52016.8,52460.0,44628.8,83964.6,0
441290.9,854446.8,4613108.7,223213504.7,54130.8,144975.9,43069.2,47771.4,86368.1,52087.8,52766.0,44665.6,83995.3,0
399393.3,1232925.5,4475853.2,9827049.6,54216.9,145563.4,43270.2,47883.6,86760.1,52177.4,52556.3,44562.6,83553.8,0
395539.8,839552.1,4541907.8,18148826.7,54384.8,145502.5,43339.0,47894.9,86733.9,52206.8,52639.9,44615.2,83693.9,0
394682.5,848523.5,4124405.9,10465864.4,54126.6,144974.8,43141.0,47955.4,86383.7,52046.3,52793.4,44740.6,83937.4,0
329511.6,887796.8,4181198.1,11211822.6,54192.3,145277.8,43249.7,47977.9,86508.1,52204.9,52639.4,44636.9,83658.6,0
279414.6,890619.0,6952507.0,11755663.5,54423.7,145772.0,43454.8,47742.8,86397.5,51933.7,52845.7,44517.8,83785.2,0
270489.8,860684.6,3948654.3,224751810.8,54508.8,145414.6,43413.8,48138.2,87107.5,52378.1,52662.1,44562.1,83329.1,0
276997.6,880544.5,4097690.7,227944747.2,54297.4,145512.3,43307.8,47991.1,86549.1,52057.9,52832.3,44704.1,83799.2,0
274796.3,868162.0,4043117.5,226235077.3,54213.8,145304.5,43387.2,47826.1,85876.8,51824.2,52785.0,44690.7,83245.7,0
274395.5,880320.6,4287212.1,225134696.6,53918.6,144325.0,43093.5,48008.2,86442.7,51886.2,52829.4,44572.4,83416.1,0
269613.8,901788.3,4088977.1,11413872.8,54259.4,145338.9,43346.1,47966.5,86445.4,51975.2,52706.5,44504.8,83344.1,0
263707.4,880174.7,4307674.7,15073325.0,54243.5,144948.6,43370.7,47886.3,86395.5,51909.2,52918.7,44639.6,83747.2,0
278321.6,921928.6,3924349.4,16365635.2,54127.1,144677.2,43322.1,48128.5,86499.0,51855.7,53143.9,44816.1,84032.1,0
292432.2,930116.5,4193734.8,12154173.1,54386.0,145401.8,43387.5,47957.8,86599.6,52030.5,52971.1,44646.3,83459.3,0
292762.9,909747.0,4141402.5,12958750.9,54322.1,144996.9,43452.2,47864.1,86224.5,51888.4,53187.8,44887.8,83907.4,0
288368.0,921477.8,3988895.8,9696971.7,54266.0,145586.0,43455.2,48102.5,86413.6,51846.1,52796.8,44487.2,83434.8,0
291151.3,915143.7,4154406.4,12149973.9,54419.1,144811.6,43406.2,48347.4,86944.3,52238.0,53109.4,44873.0,83849.0,0
406904.4,911254.2,4353872.5,12153467.4,53944.1,144602.8,43168.9,48078.8,86313.9,51991.6,52661.7,44378.6,83221.9,0
759554.8,1022214.3,6451233.3,10359701.9,54316.0,144847.7,43135.9,48077.9,86447.1,51878.0,52768.5,44644.9,83533.3,0
937470.4,821469.7,6411820.2,10621399.0,54479.1,144593.5,43057.4,48082.3,86464.7,51934.1,52661.2,44565.0,83061.5,0
875205.1,813431.5,6691989.2,8974302.9,54535.9,144569.2,43354.8,48466.7,86997.8,52446.0,52910.1,44794.3,83495.4,0
847314.4,805201.9,6967684.0,10902177.6,54530.2,145146.4,43222.3,47878.4,85782.4,52044.3,52796.3,44682.0,83155.0,0
879546.6,813266.7,7818195.8,8989499.0,54559.2,145701.6,43385.3,48141.2,86467.5,52212.7,52979.3,44843.5,83690.5,0
858380.9,821585.6,8051946.0,8107845.8,54640.5,144570.1,43309.9,48133.7,86848.1,52379.9,53144.3,44965.9,83966.4,0
868991.3,827022.9,7024741.6,9370641.7,54763.9,146254.2,43508.7,47841.7,86224.5,51907.3,53098.9,44747.6,83631.2,0
855057.2,818500.4,6324888.3,8444842.3,54729.0,145040.2,43459.7,48024.0,86429.9,51969.0,52889.0,44586.1,83257.4,0
863229.1,816269.1,7612926.3,10148242.5,54603.6,146128.7,43608.5,48262.3,86833.0,52315.5,53149.4,44928.3,83637.1,0
876864.8,815771.6,7049247.8,9425304.5,54151.0,144808.4,43222.6,48068.0,86500.2,52150.0,53263.3,44844.9,83637.7,0
805065.5,1003274.3,6140211.9,12731454.9,54329.9,144681.5,43343.8,47916.9,85915.8,51854.1,52870.8,44679.4,83338.2,0
662565.6,1173710.2,5753835.7,11765268.2,54185.7,145176.3,43391.9,48032.3,86375.9,51973.7,52957.9,44792.2,83653.5,0
640935.4,1165428.1,4727950.3,11113231.4,53982.3,145068.9,43305.1,48205.1,87162.6,52444.3,52924.1,44703.0,84004.9,0
677287.3,1108442.6,5148906.0,11087584.1,53836.0,143853.9,43413.6,47885.3,86072.1,52143.4,52680.2,44715.7,83684.8,0
765253.5,873231.7,5391259.5,9930088.5,53976.9,145448.2,43456.9,47660.0,85878.4,51851.5,52840.9,44769.8,83583.3,0
620168.2,859619.7,5284844.2,11808122.5,54024.2,144220.6,43388.9,47766.2,86215.9,51886.6,52645.0,44536.1,83198.4,0
615635.1,883310.7,4674124.8,10179641.6,54187.1,145998.9,43438.4,47867.4,86346.5,52177.3,52806.5,44718.7,83401.3,0
596840.1,892746.4,6491344.1,17394784.9,54531.8,145901.6,43755.0,47852.9,86023.6,52234.2,52989.1,44603.9,83879.7,0
371563.8,967731.9,4209070.5,19746489.8,54056.8,145235.2,43392.1,48120.4,86756.7,52492.1,52818.3,44821.3,83685.5,0
297408.9,921880.0,4327277.0,11193828.7,54124.7,145014.1,43462.3,47997.1,86622.8,52208.3,52590.1,44413.2,82970.1,0
281764.3,913030.3,3938508.6,12613095.4,54206.4,145210.2,43371.6,47895.5,85856.2,51686.5,52930.0,44669.6,83485.3,0
307169.6,936776.1,4400448.6,13018443.7,54361.5,144767.4,43405.3,48105.7,86722.5,51978.2,53136.0,44707.7,83817.0,0
321866.6,958713.8,4084109.4,11417745.6,54289.5,144750.6,43463.5,48092.1,86333.5,52165.5,52866.0,44638.8,83268.8,0
344613.6,991728.2,4227830.5,12773226.1,54299.6,145051.9,43503.4,47624.0,85859.8,51905.0,52968.5,44763.1,83640.0,0
319304.3,949431.0,4461826.3,16942594.9,54293.2,145021.0,43300.3,48090.7,86355.6,52113.2,52820.2,44612.8,83175.9,0
330101.5,954939.9,4343609.8,13283746.7,54706.9,146031.3,43554.0,48039.4,86378.1,52129.1,52887.5,44576.9,83434.2,0
374482.5,1066540.7,4290776.7,9843626.0,54864.5,145672.3,43333.5,48195.0,86535.0,52036.7,52729.0,44408.3,82869.4,0
388961.8,1037816.1,4589168.5,10637599.9,54922.3,145741.7,42623.5,48324.2,86867.5,52094.9,52839.0,44572.7,83696.7,0
380848.6,1015127.5,4400120.9,9186149.5,54693.8,144855.8,43003.4,48191.2,85967.3,51823.0,52985.9,44778.9,83387.9,0
385019.8,936426.0,4384325.5,10969557.1,55100.4,146007.3,42919.0,48139.0,86602.0,51800.1,52805.0,44679.1,83280.0,0
463592.9,921430.7,5094059.1,10107839.8,54681.2,145421.8,43137.0,48173.3,86334.3,51792.3,52788.6,44619.7,83567.6,0
360546.9,999191.8,4182158.8,11789623.5,54570.0,144117.5,42889.5,47988.6,86146.3,51945.4,52722.1,44585.7,83496.1,0
331902.9,974211.4,4920697.1,14181792.7,54890.1,144767.8,43209.0,48044.0,86184.6,52046.6,52754.2,44618.1,83216.7,0
363173.3,1001799.4,4212134.5,11782591.4,54600.4,145312.5,43113.3,48001.6,86006.1,51816.1,52884.6,44836.3,83513.3,0
311331.0,928660.9,4362838.8,12065363.3,54955.0,145546.1,43202.9,48326.7,86991.3,52178.5,53225.7,44861.5,83859.5,0
387520.0,1023726.6,4868903.5,11225331.3,54892.7,145363.6,43073.2,48301.7,86491.7,52042.7,53109.2,44889.8,83520.5,0
336833.8,991093.8,4723884.7,12052484.1,55093.6,145193.3,43003.1,48217.8,86883.2,52100.6,52705.4,44519.1,83250.1,0
340152.3,985878.9,4286705.9,9759420.7,54892.2,144897.7,42856.9,48146.2,86166.3,52048.0,52834.5,44654.0,83732.1,0
313385.3,941862.8,4295451.4,230177038.5,54799.9,145794.3,43022.9,48047.4,86405.6,52111.2,53157.0,44846.3,84168.8,0
323772.4,988898.4,4257465.2,17716279.9,55159.5,146721.7,43244.8,48021.0,86318.0,51942.5,52670.4,44637.1,83542.9,0
271609.8,959374.2,4323797.2,16628927.9,55037.0,145941.4,43004.7,48058.7,86462.9,52173.8,52927.7,44770.1,83718.0,0
228635.4,902003.9,3897136.8,13721915.6,54923.8,146200.6,43019.6,47713.0,86082.0,51946.7,52785.2,44705.2,83899.7,0
238391.5,908044.2,3897377.3,14354741.8,54753.2,145456.2,42966.9,48158.7,86872.9,52211.1,52631.7,44622.1,83552.4,0
244394.6,931134.0,3900452.8,224421653.5,54917.8,145388.9,42981.1,47977.6,86491.4,52143.4,52850.0,44844.5,83744.6,0
244524.5,946323.5,4203507.5,13018871.2,54806.9,145423.1,43006.6,47910.4,86186.4,51905.9,52990.5,44840.4,83886.7,0
229278.5,967711.0,3816627.0,20441150.8,55003.9,146412.3,43191.1,47867.8,86722.8,52108.5,52603.5,44635.4,83142.2,0
195240.1,958374.6,3799694.1,18133438.6,55129.1,145971.1,43057.1,48182.1,87111.4,52488.1,52803.0,44596.7,83483.9,0
169768.0,920551.0,3642069.5,25028811.4,55119.2,145984.1,43182.1,48005.9,86742.4,52319.5,52740.3,44629.8,83475.3,0
156092.2,874541.2,3438075.6,453004445.9,55116.6,146101.8,42941.2,47965.3,86922.7,52531.2,52947.9,44736.0,83566.2,0
163494.2,898274.2,3508623.0,24324549.0,55145.8,145961.0,42977.2,48037.5,86946.4,52338.3,52950.7,44838.0,83959.9,0
177315.5,904556.8,3711319.1,44553869.4,55211.5,146007.0,42942.0,48234.2,86870.6,52299.3,52873.8,44736.6,83974.1,0
191161.8,911582.5,3613265.3,445551070.4,55259.5,145785.0,43027.7,48247.9,87688.1,52518.0,53156.7,44876.4,84379.4,0
211240.9,925203.5,3906153.1,240484112.8,55152.5,146446.6,43156.9,48061.7,86779.7,52288.2,52927.1,44859.3,83807.2,0
214534.6,909743.2,3772902.4,33378379.1,55292.5,145827.0,43166.4,48061.0,86821.2,52341.0,52979.6,44775.8,83564.0,0
209634.6,907935.0,3719655.8,231599492.5,54826.5,146150.4,43085.5,48232.3,87202.3,52628.8,53052.2,44826.4,84179.7,0
182802.6,920238.8,3688282.9,37444580.8,54930.9,145761.8,43325.5,47896.1,86549.7,52202.4,52691.5,44813.5,83945.0,0
160639.0,935686.6,3901825.6,257308037.9,54699.0,145874.1,43147.4,48071.6,86770.1,52296.8,52792.8,44756.0,84737.1,0
172949.7,917417.9,3574035.6,240677158.1,55096.5,146800.6,43430.5,48127.6,86732.1,52310.9,53210.2,44848.6,84703.5,0
158270.9,931148.9,3458279.9,241439803.4,54734.6,145002.7,43159.3,48305.9,86585.5,52399.6,52933.9,44733.0,84139.2,0
149485.4,885584.3,3426134.3,31871668.0,54951.4,145793.8,43347.3,48034.7,86336.6,52166.9,52921.2,44606.6,83680.3,0
148463.2,892474.9,3406427.6,663672496.1,55013.4,146177.3,43391.1,48322.6,86761.4,52348.9,53203.7,44838.0,83940.2,0
153239.8,871974.2,3686089.6,447486017.6,54988.0,145125.5,43209.3,48089.7,86176.3,51979.5,53280.0,44884.2,83991.0,0
160963.1,898158.7,3760276.1,248105578.6,54870.4,145577.3,43418.2,48187.2,86672.0,52030.8,53192.9,44789.5,83827.0,0
155666.8,901446.6,3448129.3,22026734.6,55143.4,146407.0,43558.9,48462.9,87008.0,52167.6,53546.0,45053.5,84473.0,0
174666.1,879889.5,3839300.8,238252621.3,55042.0,145329.1,43364.5,48556.0,86971.4,52414.8,52985.2,44719.9,83345.6,0
161103.1,879595.9,3493768.5,241825826.7,54946.5,145115.7,43348.7,48276.3,86531.9,52129.1,53160.9,44711.5,83609.2,0
150811.7,883252.6,3344379.6,447856400.8,54836.7,144744.6,43326.9,48175.7,86226.4,51909.4,53194.3,44749.0,83878.0,0
127858.4,838213.0,3161247.0,473131371.4,54740.6,145591.1,43291.3,48232.1,86517.3,52102.3,53084.1,44708.4,83717.3,0
111857.8,774178.3,3644056.4,668068683.5,54911.2,145644.1,43437.7,48550.9,86734.2,52307.0,53161.2,44824.3,84187.4,0
107192.7,774009.0,3309719.7,680513190.6,54772.9,145313.2,43295.8,48334.7,86403.7,52104.2,53126.6,44785.9,83959.3,0
129271.4,827398.3,3688479.6,467547673.2,55236.8,144745.6,43527.0,48484.3,87227.4,52471.1,53044.5,44848.5,83949.3,0
131291.5,841038.6,4360844.4,52316604.0,54933.9,146259.2,43308.0,48390.0,86998.4,52482.8,53169.5,44801.1,84019.5,0
115790.6,817519.6,3433685.5,881963170.5,55121.5,144959.8,43377.4,48379.3,86706.3,52174.0,53219.0,44816.7,83980.5,0
103685.5,806945.3,3324400.8,714444551.7,55123.6,146014.6,43470.5,48249.1,86564.4,52182.7,52906.0,44627.0,83337.8,0
98462.1,775614.7,3877533.4,480651260.0,54896.2,145101.2,43300.1,48221.2,86151.8,52050.7,53203.8,44685.8,83593.3,0
97443.0,764575.4,3358565.2,1532006550.5,54995.2,145535.4,43386.7,48627.2,87522.8,52494.6,53446.3,44917.0,84674.8,0
95494.6,760133.5,3397814.9,900443362.4,54883.8,144968.0,43207.2,48415.9,86834.9,52444.8,53271.2,44886.5,83912.4,0
92959.1,768250.6,3464773.5,1532738482.7,55236.0,145954.3,43465.2,48296.7,86341.3,52270.2,53198.2,44756.9,84344.8,0
101572.9,783598.8,3891953.2,1309266674.7,54945.5,145360.4,43349.3,48528.5,87396.7,52377.0,53275.1,44846.9,84131.2,0
121380.8,807661.1,3588832.9,463534145.9,55479.8,146224.8,43666.0,48276.1,86702.4,52200.1,53405.1,44950.2,84789.4,0
133373.2,846228.1,3687617.9,664828814.6,54688.1,144331.8,43197.4,48517.3,87131.5,52498.9,53180.5,44928.5,84266.2,0
143360.3,868946.7,3379492.9,47851615.9,54925.9,145534.3,43252.4,48259.0,86671.5,52126.5,53212.8,44845.9,84069.2,0
149301.1,868417.4,3504029.7,42507013.5,55219.9,147317.3,43409.4,48252.6,86479.1,52040.6,53185.8,44847.4,84275.4,0
152411.5,896632.6,3714092.3,254838192.1,55168.7,145474.6,43439.4,48432.1,86482.4,52173.8,53003.5,45017.7,84315.1,0
155635.9,891950.7,3872347.5,50603929.6,54979.2,145523.8,43347.7,48289.8,86886.9,52326.0,53371.2,45123.4,84717.8,0
155848.6,905336.7,3695976.4,233300546.7,55259.1,145224.1,43510.3,48178.6,86822.5,51988.9,53230.6,44916.7,83958.3,0
151093.0,870070.7,3575342.3,665546613.6,54814.0,145939.9,43482.9,47940.9,86262.5,51777.6,52906.9,44748.3,83845.6,0
165559.2,920601.0,3719561.4,17297290.0,54800.9,145831.7,43542.5,48582.9,87295.0,52460.3,53122.8,44741.8,84035.3,0
164319.6,916948.9,3722243.7,242823757.1,54529.2,144617.3,43436.6,48331.4,87236.6,52118.5,53176.0,44738.2,83920.8,0
163894.2,941764.0,3629451.4,28045822.9,54614.0,145236.6,43629.9,48224.4,87122.5,51928.5,52858.3,44560.5,83334.8,0
168077.1,913170.4,3891479.0,450811956.0,54862.3,145376.7,43689.7,48290.1,86610.9,51948.3,53078.7,44741.4,84013.4,0
162359.4,918172.9,4116564.1,236024614.2,54395.1,143709.4,43576.2,48102.8,86485.2,51951.2,52817.1,44509.9,83707.4,0
