6769,1521045850.7494864,0.6899999976158142
6769,1521045851.4533656,0.6899999976158142
6769,1521045852.1366692,0.6899999976158142
6769,1521045852.967768,0.6899999976158142
6769,1521045853.5665662,0.6899999976158142
6769,1521045854.9219975,0.6899999976158142
6769,1521045855.620865,0.6899999976158142
6769,1521045856.2451088,0.6899999976158142
6769,1521045856.8596807,0.6899999976158142
6769,1521045857.5095372,0.6899999976158142
6769,1521045858.242142,0.6899999976158142
6769,1521045858.9213078,0.6899999976158142
6769,1521045860.1787832,0.6899999976158142
6769,1521045860.8309555,0.6899999976158142
6769,1521045861.541704,0.6899999976158142
6769,1521045862.1756759,0.6899999976158142
6769,1521045862.7854185,0.6899999976158142
6769,1521045863.4075296,0.6899999976158142
6769,1521045864.039298,0.6899999976158142
6769,1521045864.6678529,0.6899999976158142
6769,1521045865.6556578,0.6899999976158142
6769,1521045866.47125,0.6899999976158142
6769,1521045867.2685275,0.6899999976158142
6769,1521045867.8915114,0.6899999976158142
6769,1521045869.4811108,0.6899999976158142
6769,1521045870.440053,0.6899999976158142
6769,1521045871.0733285,0.6899999976158142
6769,1521045871.8175645,0.6899999976158142
6769,1521045872.4367814,0.6899999976158142
6769,1521045873.0785432,0.6899999976158142
6769,1521045873.827065,0.6899999976158142
6769,1521045874.450829,0.6899999976158142
6769,1521045875.0914333,0.6899999976158142
6769,1521045875.7760625,0.6899999976158142
6769,1521045876.4298782,0.6850000023841858
6769,1521045877.0945358,0.6800000071525574
6769,1521045877.7357795,0.675000011920929
6769,1521045878.3860219,0.6700000166893005
6769,1521045879.0551,0.6650000214576721
6769,1521045879.7875614,0.6600000262260437
6769,1521045880.47643,0.6549999713897705
6769,1521045881.131385,0.6499999761581421
6769,1521045882.1003802,0.6449999809265137
6769,1521045882.8072188,0.6399999856948853
6769,1521045883.6633742,0.6349999904632568
6769,1521045884.8787205,0.6349999904632568
6769,1521045885.6587274,0.6299999952316284
6769,1521045886.2589438,0.625
6769,1521045887.01667,0.6200000047683716
6769,1521045887.7226412,0.6150000095367432
6769,1521045888.3976145,0.6100000143051147
6769,1521045889.055296,0.6050000190734863
6769,1521045889.6858337,0.6000000238418579
6769,1521045890.2998543,0.5950000286102295
6769,1521045890.9351869,0.5899999737739563
6769,1521045891.5700805,0.5849999785423279
6769,1521045892.2017372,0.5799999833106995
6769,1521045892.8548796,0.574999988079071
6769,1521045893.485971,0.5699999928474426
6769,1521045894.1089203,0.5649999976158142
6769,1521045895.5015292,0.5600000023841858
6769,1521045899.263116,0.5550000071525574
6769,1521045927.95081,0.550000011920929
6769,1521045928.6298532,0.5450000166893005
6769,1521045929.3820608,0.5400000214576721
6769,1521045930.7792447,0.5350000262260437
6769,1521045931.1125233,0.5299999713897705
6769,1521045931.440019,0.5249999761581421
6769,1521046006.066752,0.5199999809265137
6769,1521046007.5050924,0.5149999856948853
6769,1521046007.6806498,0.5099999904632568
6769,1521046008.1303422,0.5049999952316284
6769,1521046008.805104,0.5
6769,1521046009.4555795,0.4950000047683716
6769,1521046010.0986087,0.49000000953674316
6769,1521046010.7497456,0.48500001430511475
6769,1521046011.3819861,0.47999998927116394
6769,1521046012.0370553,0.4749999940395355
6769,1521046012.6782277,0.4699999988079071
6769,1521046013.3709474,0.4650000035762787
6769,1521046014.0233967,0.46000000834465027
6769,1521046014.7627902,0.45500001311302185
6769,1521046015.428228,0.44999998807907104
6769,1521046016.0623138,0.4449999928474426
6769,1521046016.6888008,0.4399999976158142
6769,1521046017.4238405,0.4350000023841858
6769,1521046018.1325905,0.4300000071525574
6769,1521046019.4759007,0.42500001192092896
6769,1521046019.82988,0.41999998688697815
6769,1521046021.008478,0.41499999165534973
6769,1521046022.2668831,0.4099999964237213
6769,1521046022.2814972,0.4050000011920929
6769,1521046023.3309844,0.4050000011920929
6769,1521046024.191022,0.4000000059604645
6769,1521046024.8200967,0.39500001072883606
6769,1521046025.4728496,0.38999998569488525
6769,1521046026.1004522,0.38499999046325684
6769,1521046026.743623,0.3799999952316284
6769,1521046027.3698905,0.375
6769,1521046028.083234,0.375
6769,1521046028.7283974,0.375
6769,1521046029.4386992,0.375
6769,1521046030.0392103,0.375
6769,1521046030.7228756,0.375
6769,1521046031.3680243,0.375
6769,1521046032.0372891,0.375
6769,1521046032.7336366,0.375
6769,1521046033.6150758,0.375
6769,1521046034.3423061,0.375
6769,1521046035.2896745,0.375
6769,1521046035.9330666,0.375
6769,1521046037.3876867,0.375
6769,1521046037.5791566,0.375
6769,1521046038.4538713,0.375
6769,1521046039.2635136,0.3700000047683716
6769,1521046039.9398265,0.36500000953674316
6769,1521046040.6149395,0.36000001430511475
6769,1521046041.6658075,0.35499998927116394
6769,1521046042.685753,0.3499999940395355
6769,1521046043.3884182,0.3449999988079071
6769,1521046044.1874578,0.3449999988079071
6769,1521046044.8871539,0.3449999988079071
6769,1521046045.5713139,0.3449999988079071
6769,1521046046.1718268,0.3449999988079071
6769,1521046046.835645,0.3449999988079071
6769,1521046047.4767022,0.3449999988079071
6769,1521046048.124487,0.3449999988079071
6769,1521046048.7357945,0.3449999988079071
6769,1521046049.3982375,0.3449999988079071
6769,1521046050.063587,0.3449999988079071
6769,1521046050.72886,0.3449999988079071
6769,1521046051.4681778,0.3449999988079071
6769,1521046052.4356575,0.3449999988079071
6769,1521046053.166039,0.3449999988079071
6769,1521046053.887263,0.3449999988079071
6769,1521046054.7091918,0.3449999988079071
6769,1521046055.4825385,0.3449999988079071
6769,1521046055.7019882,0.3449999988079071
6769,1521046056.482777,0.3449999988079071
6769,1521046056.5043876,0.3449999988079071
6769,1521046056.7377617,0.3449999988079071
6769,1521046056.7539866,0.3449999988079071
6769,1521046056.9081986,0.3449999988079071
6769,1521046057.1038475,0.3449999988079071
6769,1521046057.3001554,0.3449999988079071
6769,1521046057.3256466,0.3449999988079071
6769,1521046057.3648052,0.3449999988079071
6769,1521046057.4442701,0.3449999988079071
6769,1521046057.5626044,0.3449999988079071
6769,1521046057.7700267,0.3449999988079071
6769,1521046057.9490514,0.3400000035762787
6769,1521046058.0761354,0.3400000035762787
6769,1521046058.0934951,0.3400000035762787
6769,1521046058.1225402,0.3400000035762787
6769,1521046058.2495794,0.3400000035762787
6769,1521046058.458252,0.3400000035762787
6769,1521046058.605051,0.3400000035762787
6769,1521046058.8011167,0.3400000035762787
6769,1521046058.8176239,0.3400000035762787
6769,1521046058.8545704,0.3400000035762787
6769,1521046058.8739896,0.3400000035762787
6769,1521046059.0901802,0.3400000035762787
6769,1521046059.331022,0.3400000035762787
6769,1521046059.522846,0.3400000035762787
6769,1521046059.5513275,0.33500000834465027
6769,1521046059.591914,0.33000001311302185
6769,1521046059.615188,0.32499998807907104
6769,1521046059.7680833,0.3199999928474426
6769,1521046060.0117447,0.3149999976158142
6769,1521046060.183324,0.3100000023841858
6769,1521046060.196988,0.3050000071525574
6769,1521046060.226314,0.30000001192092896
6769,1521046060.2493484,0.29499998688697815
6769,1521046060.3821802,0.28999999165534973
6769,1521046060.7001069,0.2849999964237213
6769,1521046060.9041414,0.2800000011920929
6769,1521046060.9176815,0.2750000059604645
6769,1521046061.0255735,0.27000001072883606
6769,1521046061.0408945,0.26499998569488525
6769,1521046061.083152,0.25999999046325684
6769,1521046061.369934,0.2549999952316284
6769,1521046061.6434057,0.25
6769,1521046061.6603973,0.24500000476837158
6769,1521046061.8022094,0.23999999463558197
6769,1521046061.8175309,0.23499999940395355
6769,1521046061.8434062,0.23000000417232513
6769,1521046062.0133352,0.22499999403953552
6769,1521046062.3829093,0.2199999988079071
6769,1521046062.4014513,0.2150000035762787
6769,1521046062.4499414,0.20999999344348907
6769,1521046062.475271,0.20499999821186066
6769,1521046062.5030458,0.20000000298023224
6769,1521046062.680802,0.19499999284744263
6769,1521046063.1289976,0.1899999976158142
6769,1521046063.1428566,0.1850000023841858
6769,1521046063.1568253,0.18000000715255737
6769,1521046063.1728148,0.17499999701976776
6769,1521046063.2746472,0.17000000178813934
6769,1521046063.3682542,0.16500000655651093
6769,1521046063.7633538,0.1599999964237213
6769,1521046063.7820423,0.1550000011920929
6769,1521046063.947273,0.1550000011920929
6769,1521046063.9755893,0.15000000596046448
6769,1521046063.9951527,0.15000000596046448
6769,1521046064.0139027,0.14499999582767487
6769,1521046064.448999,0.14000000059604645
6769,1521046064.4794018,0.13500000536441803
6769,1521046064.6895754,0.12999999523162842
6769,1521046064.7030542,0.125
6769,1521046064.7693372,0.11999999731779099
6769,1521046064.7860737,0.11500000208616257
6769,1521046065.117176,0.10999999940395355
6769,1521046065.1325438,0.10499999672174454
6769,1521046065.3254454,0.10000000149011612
6769,1521046065.345035,0.0949999988079071
6769,1521046065.3897908,0.09000000357627869
6769,1521046065.4845102,0.08500000089406967
6769,1521046065.7955108,0.07999999821186066
6769,1521046065.8134086,0.07500000298023224
6769,1521046065.9697278,0.07000000029802322
6769,1521046065.9853911,0.06499999761581421
6769,1521046066.147267,0.06499999761581421
6769,1521046066.1638227,0.05999999865889549
6769,1521046066.4446344,0.054999999701976776
6769,1521046066.4604726,0.05000000074505806
6769,1521046066.6268067,0.04500000178813934
6769,1521046066.6850674,0.03999999910593033
6769,1521046066.922786,0.03500000014901161
6769,1521046066.9370382,0.029999999329447746
6769,1521046067.0940003,0.02500000037252903
6769,1521046067.1092665,0.019999999552965164
6769,1521046067.30423,0.014999999664723873
6769,1521046067.6160607,0.009999999776482582
6769,1521046067.6325614,0.004999999888241291
6769,1521046067.6646276,0.004999999888241291
6769,1521046067.812126,0.004999999888241291
6769,1521046067.8256736,0.004999999888241291
6769,1521046067.972456,0.004999999888241291
6769,1521046068.324513,0.004999999888241291
6769,1521046068.487611,0.004999999888241291
6769,1521046068.5673363,0.004999999888241291
6769,1521046068.6860707,0.004999999888241291
6769,1521046068.7016053,0.004999999888241291
6769,1521046069.1411307,0.004999999888241291
6769,1521046069.295145,0.004999999888241291
6769,1521046069.5711932,0.0
6769,1521046069.6219852,0.0
6769,1521046070.0910292,0.0
6769,1521046070.1175346,0.0
6769,1521046070.2549274,0.0
6769,1521046070.2885764,0.0
6769,1521046070.748228,0.0
6769,1521046070.7791905,0.0
6769,1521046071.2491534,0.0
6769,1521046071.2650852,0.0
6769,1521046071.9494228,0.0
6769,1521046071.9658792,0.0
6769,1521046072.435713,0.0
6769,1521046072.7054482,0.0
6769,1521046074.8576322,0.0
6769,1521046074.9635506,0.0
6769,1521046075.0427005,0.0
6769,1521046075.1017752,0.0
6769,1521046075.3938248,0.0
6769,1521046075.5029633,0.0
6769,1521046075.6565866,0.0
6769,1521046075.9182487,0.0
6769,1521046075.9483178,0.0
6769,1521046076.091893,0.0
6769,1521046076.110692,0.0
6769,1521046076.3910794,0.0
6769,1521046076.5119588,0.0
6769,1521046076.6716409,0.0
6769,1521046076.7148285,0.0
6769,1521046076.8064709,0.0
6769,1521046076.8662333,0.0
6769,1521046077.0297527,0.0
6769,1521046077.1833916,0.0
6769,1521046077.3390596,0.0
6769,1521046077.3631663,0.0
6769,1521046077.4941843,0.0
6769,1521046077.507528,0.0
6769,1521046077.6892898,0.0
6769,1521046077.8533888,0.0
6769,1521046077.9966543,0.0
6769,1521046078.0104113,0.0
6769,1521046078.175037,0.0
6769,1521046078.1887376,0.0
6769,1521046078.381963,0.0
6769,1521046078.494023,0.0
6769,1521046078.627935,0.0
6769,1521046078.6428976,0.0
6769,1521046078.8740232,0.0
6769,1521046078.8914926,0.0
6769,1521046079.0343237,0.0
6769,1521046079.1327643,0.0
6769,1521046079.3484738,0.0
6769,1521046079.3667421,0.0
6769,1521046079.549696,0.0
6769,1521046079.5744684,0.0
6769,1521046079.69202,0.0
6769,1521046079.744917,0.0
6769,1521046080.0659041,0.0
6769,1521046080.0817301,0.0
6769,1521046080.2192469,0.0
6769,1521046080.240193,0.0
6769,1521046080.3787158,0.0
6769,1521046080.4030037,0.0
6769,1521046080.7350419,0.0
6769,1521046080.7630014,0.0
6769,1521046080.9175882,0.0
6769,1521046080.9381502,0.0
6769,1521046081.1298687,0.0
6769,1521046081.146087,0.0
6769,1521046081.4582498,0.0
6769,1521046081.4756038,0.0
6769,1521046081.6387446,0.0
6769,1521046081.65572,0.0
6769,1521046081.848866,0.0
6769,1521046081.8646781,0.0
6769,1521046082.160933,0.0
6769,1521046082.178981,0.0
6769,1521046082.3362126,0.0
6769,1521046082.352886,0.0
6769,1521046082.515847,0.0
6769,1521046082.5296762,0.0
6769,1521046082.8080735,0.0
6769,1521046082.8261268,0.0
6769,1521046083.0080564,0.0
6769,1521046083.0268347,0.0
6769,1521046083.1430097,0.0
6769,1521046083.1613147,0.0
6769,1521046083.4912257,0.0
6769,1521046083.510573,0.0
6769,1521046083.6657429,0.0
6769,1521046083.680882,0.0
6769,1521046083.8202047,0.0
6769,1521046083.8370173,0.0
6769,1521046084.1722834,0.0
6769,1521046084.1903212,0.0
6769,1521046084.3439057,0.0
6769,1521046084.359615,0.0
6769,1521046084.5349379,0.0
6769,1521046084.5639026,0.0
6769,1521046084.851366,0.0
6769,1521046084.8659146,0.0
6769,1521046085.0526135,0.0
6769,1521046085.0678546,0.0
6769,1521046085.2908432,0.0
6769,1521046085.3178663,0.0
6769,1521046085.5954046,0.0
6769,1521046086.576395,0.0
6769,1521046086.6112208,0.0
6769,1521046086.685187,0.0
6769,1521046086.8912132,0.0
6769,1521046086.9613981,0.0
6769,1521046087.325071,0.0
6769,1521046087.3404436,0.0
6769,1521046087.5540898,0.0
6769,1521046087.8924406,0.0
6769,1521046087.9103045,0.0
6769,1521046087.9236727,0.0
6769,1521046087.9740865,0.0
6769,1521046088.209915,0.0
6769,1521046088.2804494,0.0
6769,1521046088.4515014,0.0
6769,1521046088.7615438,0.0
6769,1521046088.7771418,0.0
6769,1521046089.1201665,0.0
6769,1521046089.1599944,0.0
6769,1521046089.28196,0.0
6769,1521046089.2958682,0.0
6769,1521046089.6651804,0.0
6769,1521046089.7987864,0.0
6769,1521046089.9470694,0.0
6769,1521046090.0806603,0.0
6769,1521046090.113566,0.0
6769,1521046090.3789158,0.0
6769,1521046090.6887164,0.0
6769,1521046090.8437262,0.0
6769,1521046090.9362514,0.0
6769,1521046091.2879028,0.0
6769,1521046091.4000468,0.0
6769,1521046091.4419007,0.0
6769,1521046091.4993339,0.0
6769,1521046091.5229232,0.0
6769,1521046091.6724322,0.0
6769,1521046091.7307549,0.0
6769,1521046091.9150045,0.0
6769,1521046092.0824854,0.0
6769,1521046092.0964339,0.0
6769,1521046092.1120405,0.0
6769,1521046092.4175382,0.0
6769,1521046092.4351249,0.0
6769,1521046092.684327,0.0
6769,1521046092.699664,0.0
6769,1521046092.872583,0.0
6769,1521046092.8917582,0.0
6769,1521046093.108895,0.0
6769,1521046093.1244812,0.0
6769,1521046093.350812,0.0
6769,1521046093.4789543,0.0
6769,1521046093.5257912,0.0
6769,1521046093.5392866,0.0
6769,1521046093.7651174,0.0
6769,1521046093.7809496,0.0
6769,1521046094.004929,0.0
6769,1521046094.1703033,0.0
6769,1521046094.1908395,0.0
6769,1521046094.2229137,0.0
6769,1521046094.4113376,0.0
6769,1521046094.4448617,0.0
6769,1521046094.6801217,0.0
6769,1521046094.8686755,0.0
6769,1521046094.8964264,0.0
6769,1521046094.9129214,0.0
6769,1521046095.1420012,0.0
6769,1521046095.1584406,0.0
6769,1521046095.372073,0.0
6769,1521046095.5248146,0.0
6769,1521046095.5456386,0.0
6769,1521046095.618781,0.0
6769,1521046095.8806894,0.0
6769,1521046095.8985465,0.0
6769,1521046096.0751538,0.0
6769,1521046096.2348092,0.0
6769,1521046096.2537494,0.0
6769,1521046096.2720523,0.0
6769,1521046096.5767827,0.0
6769,1521046096.5915325,0.0
6769,1521046096.752721,0.0
6769,1521046096.893589,0.0
6769,1521046096.9186835,0.0
6769,1521046096.9492538,0.0
6769,1521046097.221062,0.0
6769,1521046097.241795,0.0
6769,1521046097.4478517,0.0
6769,1521046097.5798,0.0
6769,1521046097.5956461,0.0
6769,1521046097.6194477,0.0
6769,1521046097.8726897,0.0
6769,1521046097.887809,0.0
6769,1521046098.0944717,0.0
6769,1521046098.229868,0.0
6769,1521046098.2442985,0.0
6769,1521046098.2955642,0.0
6769,1521046098.5747523,0.0
6769,1521046098.5917573,0.0
6769,1521046098.8706841,0.0
6769,1521046098.8886366,0.0
6769,1521046098.9973083,0.0
6769,1521046099.0521872,0.0
6769,1521046099.3586707,0.0
6769,1521046099.3752303,0.0
6769,1521046099.5223522,0.0
6769,1521046099.672884,0.0
6769,1521046099.7014387,0.0
6769,1521046099.7383468,0.0
6769,1521046100.0022874,0.0
6769,1521046100.017904,0.0
6769,1521046100.2786067,0.0
6769,1521046100.3835661,0.0
6769,1521046100.4256194,0.0
6769,1521046100.4393752,0.0
6769,1521046100.6688828,0.0
6769,1521046100.682683,0.0
6769,1521046101.045256,0.0
6769,1521046101.0609725,0.0
6769,1521046101.1417966,0.0
6769,1521046101.1762164,0.0
6769,1521046101.4624023,0.0
6769,1521046101.4778535,0.0
6769,1521046101.8147354,0.0
6769,1521046101.829572,0.0
6769,1521046101.879203,0.0
6769,1521046101.8948653,0.0
6769,1521046102.07669,0.0
6769,1521046102.114635,0.0
6769,1521046102.5994747,0.0
6769,1521046102.6151073,0.0
6769,1521046102.6357448,0.0
6769,1521046102.6711695,0.0
6769,1521046102.7800632,0.0
6769,1521046102.8199918,0.0
6769,1521046103.4747949,0.0
6769,1521046103.4995658,0.0
6769,1521046103.7604802,0.0
6769,1521046103.882457,0.0
6769,1521046104.0688457,0.0
6769,1521046104.4761112,0.0
6769,1521046104.50345,0.0
6769,1521046104.876309,0.0
6769,1521046104.891873,0.0
6769,1521046105.299327,0.0
6769,1521046105.315007,0.0
6769,1521046105.4533231,0.0
6769,1521046105.5013711,0.0
6769,1521046105.619172,0.004999999888241291
6769,1521046105.6435595,0.009999999776482582
6769,1521046105.9220839,0.014999999664723873
6769,1521046106.069875,0.019999999552965164
6769,1521046106.2876272,0.02500000037252903
6769,1521046106.5198705,0.029999999329447746
6769,1521046106.6703963,0.03500000014901161
6769,1521046106.897363,0.03999999910593033
6769,1521046107.0928144,0.04500000178813934
6769,1521046107.2864344,0.05000000074505806
6769,1521046107.308168,0.054999999701976776
6769,1521046107.4460654,0.05999999865889549
6769,1521046107.4634166,0.06499999761581421
6769,1521046107.6407895,0.07000000029802322
6769,1521046107.8846393,0.07500000298023224
6769,1521046108.0799472,0.07999999821186066
6769,1521046108.2900639,0.08500000089406967
6769,1521046108.6635149,0.09000000357627869
6769,1521046108.696252,0.0949999988079071
6769,1521046108.7321699,0.10000000149011612
6769,1521046108.7758543,0.10499999672174454
6769,1521046108.9199274,0.10999999940395355
6769,1521046109.1528323,0.11500000208616257
6769,1521046109.2924006,0.11999999731779099
6769,1521046109.3142474,0.125
6769,1521046109.330838,0.12999999523162842
6769,1521046109.3568943,0.13500000536441803
6769,1521046109.4613194,0.14000000059604645
6769,1521046109.812416,0.14499999582767487
6769,1521046110.004765,0.15000000596046448
6769,1521046110.0213497,0.1550000011920929
6769,1521046110.038212,0.1599999964237213
6769,1521046110.0579941,0.16500000655651093
6769,1521046110.1584308,0.17000000178813934
6769,1521046110.5237796,0.17499999701976776
6769,1521046110.671556,0.18000000715255737
6769,1521046110.6925583,0.1850000023841858
6769,1521046110.733235,0.1899999976158142
6769,1521046110.8358507,0.19499999284744263
6769,1521046110.8982325,0.20000000298023224
6769,1521046111.2025137,0.20499999821186066
6769,1521046111.333782,0.20999999344348907
6769,1521046111.3490481,0.2150000035762787
6769,1521046111.4950538,0.2199999988079071
6769,1521046111.528402,0.22499999403953552
6769,1521046111.5458336,0.23000000417232513
6769,1521046111.8838491,0.23499999940395355
6769,1521046112.0470796,0.23999999463558197
6769,1521046112.0664039,0.24500000476837158
6769,1521046112.1339304,0.25
6769,1521046112.2484221,0.2549999952316284
6769,1521046112.2903435,0.25999999046325684
6769,1521046112.5725439,0.26499998569488525
6769,1521046112.7407477,0.27000001072883606
6769,1521046112.762446,0.2750000059604645
6769,1521046112.900897,0.2800000011920929
6769,1521046112.9151947,0.2849999964237213
6769,1521046112.9429321,0.28999999165534973
6769,1521046113.27116,0.29499998688697815
6769,1521046113.4209418,0.30000001192092896
6769,1521046113.4394124,0.3050000071525574
6769,1521046113.6028976,0.3100000023841858
6769,1521046113.6227493,0.3149999976158142
6769,1521046113.6452327,0.3199999928474426
6769,1521046113.9417164,0.32499998807907104
6769,1521046114.0972912,0.33000001311302185
6769,1521046114.113529,0.33500000834465027
6769,1521046114.2424452,0.3400000035762787
6769,1521046114.2615433,0.3449999988079071
6769,1521046114.2900262,0.3499999940395355
6769,1521046114.6365683,0.35499998927116394
6769,1521046114.780815,0.36000001430511475
6769,1521046114.8035524,0.36500000953674316
6769,1521046114.9267368,0.3700000047683716
6769,1521046114.9423962,0.375
6769,1521046114.9629595,0.3799999952316284
6769,1521046115.286901,0.38499999046325684
6769,1521046115.4444513,0.38999998569488525
6769,1521046115.4592755,0.39500001072883606
6769,1521046115.5869246,0.4000000059604645
6769,1521046115.6026585,0.4050000011920929
6769,1521046115.629098,0.4099999964237213
6769,1521046115.9688323,0.41499999165534973
6769,1521046116.1375573,0.41999998688697815
6769,1521046116.1514966,0.42500001192092896
6769,1521046116.2663836,0.4300000071525574
6769,1521046116.3409986,0.4350000023841858
6769,1521046116.3545852,0.4399999976158142
6769,1521046116.634691,0.4449999928474426
6769,1521046116.7838156,0.44999998807907104
6769,1521046116.8511703,0.45500001311302185
6769,1521046116.9317904,0.46000000834465027
6769,1521046117.0032394,0.4650000035762787
6769,1521046117.0170703,0.4699999988079071
6769,1521046117.327395,0.4749999940395355
6769,1521046117.461122,0.47999998927116394
6769,1521046117.4870424,0.48500001430511475
6769,1521046117.6244438,0.49000000953674316
6769,1521046117.6384292,0.4950000047683716
6769,1521046117.6617906,0.5
6769,1521046118.0070505,0.5049999952316284
6769,1521046118.1621423,0.5099999904632568
6769,1521046118.1790247,0.5149999856948853
6769,1521046118.353921,0.5199999809265137
6769,1521046118.371087,0.5249999761581421
6769,1521046118.3868146,0.5299999713897705
6769,1521046118.8145247,0.5299999713897705
6769,1521046118.9574058,0.5299999713897705
6769,1521046119.1731582,0.5299999713897705
6769,1521046119.2817354,0.5299999713897705
6769,1521046119.476596,0.5299999713897705
6769,1521046119.622642,0.5299999713897705
6769,1521046119.6993358,0.5299999713897705
6769,1521046119.8847153,0.5299999713897705
6769,1521046120.1012635,0.5299999713897705
6769,1521046120.1343327,0.5299999713897705
6769,1521046120.4577324,0.5299999713897705
6769,1521046120.4924765,0.5299999713897705
6769,1521046120.6882577,0.5299999713897705
6769,1521046120.7039297,0.5299999713897705
6769,1521046120.9966984,0.5299999713897705
6769,1521046121.0151634,0.5299999713897705
6769,1521046121.2383974,0.5299999713897705
6769,1521046121.2562087,0.5299999713897705
6769,1521046121.499443,0.5299999713897705
6769,1521046121.5149968,0.5299999713897705
6769,1521046121.7220957,0.5299999713897705
6769,1521046121.761628,0.5299999713897705
6769,1521046122.034864,0.5299999713897705
6769,1521046122.053769,0.5299999713897705
6769,1521046122.2821448,0.5299999713897705
6769,1521046122.3005207,0.5299999713897705
6769,1521046122.5129166,0.5299999713897705
6769,1521046122.53967,0.5299999713897705
6769,1521046122.7805135,0.5299999713897705
6769,1521046122.802005,0.5299999713897705
6769,1521046123.0088565,0.5299999713897705
6769,1521046123.028052,0.5299999713897705
6769,1521046123.285566,0.5299999713897705
6769,1521046123.3048825,0.5299999713897705
6769,1521046123.5315366,0.5299999713897705
6769,1521046123.7059653,0.5299999713897705
6769,1521046123.796326,0.5299999713897705
6769,1521046123.903969,0.5299999713897705
6769,1521046124.2382767,0.5299999713897705
6769,1521046124.3929338,0.5299999713897705
6769,1521046124.6237965,0.5299999713897705
6769,1521046124.639764,0.5299999713897705
6769,1521046124.8772953,0.5299999713897705
6769,1521046125.1168194,0.5299999713897705
6769,1521046125.218069,0.5299999713897705
6769,1521046125.2970567,0.5299999713897705
6769,1521046125.3653243,0.5299999713897705
6769,1521046125.5491517,0.5299999713897705
6769,1521046125.6880438,0.5299999713897705
6769,1521046125.7519872,0.5299999713897705
6769,1521046125.9137957,0.5299999713897705
6769,1521046125.9406874,0.5299999713897705
6769,1521046126.0938308,0.5299999713897705
6769,1521046126.1123538,0.5299999713897705
6769,1521046126.3316734,0.5299999713897705
6769,1521046126.4045656,0.5299999713897705
6769,1521046126.4373085,0.5299999713897705
6769,1521046126.6957793,0.5299999713897705
6769,1521046126.796755,0.5299999713897705
6769,1521046126.8104796,0.5299999713897705
6769,1521046127.0385728,0.5299999713897705
6769,1521046127.056278,0.5299999713897705
6769,1521046127.092076,0.5299999713897705
6769,1521046127.412403,0.5299999713897705
6769,1521046127.429575,0.5299999713897705
6769,1521046127.4689505,0.5299999713897705
6769,1521046127.718779,0.5299999713897705
6769,1521046127.7330682,0.5299999713897705
6769,1521046127.7659762,0.5299999713897705
6769,1521046128.1144717,0.5299999713897705
6769,1521046128.1292176,0.5299999713897705
6769,1521046128.1566384,0.5299999713897705
6769,1521046128.4019458,0.5299999713897705
6769,1521046128.4277964,0.5299999713897705
6769,1521046128.4431608,0.5299999713897705
6769,1521046128.8051226,0.5299999713897705
6769,1521046128.825471,0.5299999713897705
6769,1521046128.8712974,0.5299999713897705
6769,1521046129.1195207,0.5299999713897705
6769,1521046129.1413653,0.5299999713897705
6769,1521046129.2006984,0.5299999713897705
6769,1521046129.4657822,0.5299999713897705
6769,1521046129.4925597,0.5299999713897705
6769,1521046129.5120206,0.5299999713897705
6769,1521046129.8478627,0.5299999713897705
6769,1521046129.8655791,0.5299999713897705
6769,1521046129.894624,0.5299999713897705
6769,1521046130.1558928,0.5299999713897705
6769,1521046130.1708963,0.5299999713897705
6769,1521046130.2282956,0.5299999713897705
6769,1521046130.588444,0.5299999713897705
6769,1521046130.6026368,0.5299999713897705
6769,1521046130.8288543,0.5299999713897705
6769,1521046130.8463674,0.5299999713897705
6769,1521046130.947943,0.5249999761581421
6769,1521046130.9624982,0.5199999809265137
6769,1521046131.4893641,0.5149999856948853
6769,1521046131.5442007,0.5099999904632568
6769,1521046131.5944674,0.5049999952316284
6769,1521046131.613781,0.5
6769,1521046131.8198388,0.4950000047683716
6769,1521046131.8387039,0.49000000953674316
6769,1521046132.2087815,0.48500001430511475
6769,1521046132.2228992,0.47999998927116394
6769,1521046132.2867427,0.4749999940395355
6769,1521046132.304603,0.4699999988079071
6769,1521046132.4787812,0.4650000035762787
6769,1521046132.5021708,0.46000000834465027
6769,1521046132.9315727,0.45500001311302185
6769,1521046132.9466314,0.44999998807907104
6769,1521046132.9693232,0.4449999928474426
6769,1521046132.9894128,0.4399999976158142
6769,1521046133.1160576,0.4350000023841858
6769,1521046133.139184,0.4300000071525574
6769,1521046133.6104486,0.42500001192092896
6769,1521046133.626983,0.41999998688697815
6769,1521046133.6411092,0.41499999165534973
6769,1521046133.67202,0.4099999964237213
6769,1521046133.7984772,0.4050000011920929
6769,1521046133.8542376,0.4000000059604645
6769,1521046134.275771,0.39500001072883606
6769,1521046134.2940063,0.38999998569488525
6769,1521046134.3133178,0.38499999046325684
6769,1521046134.3882265,0.3799999952316284
6769,1521046134.5342698,0.375
6769,1521046134.582402,0.3700000047683716
6769,1521046134.9418473,0.36500000953674316
6769,1521046134.9838853,0.36000001430511475
6769,1521046135.0193753,0.35499998927116394
6769,1521046135.134412,0.3499999940395355
6769,1521046135.1994812,0.3449999988079071
6769,1521046135.3574529,0.3400000035762787
6769,1521046135.756417,0.33500000834465027
6769,1521046135.7735436,0.33000001311302185
6769,1521046135.8788116,0.32499998807907104
6769,1521046136.0099506,0.3199999928474426
6769,1521046136.0435998,0.3149999976158142
6769,1521046136.100955,0.3100000023841858
6769,1521046136.4689682,0.3050000071525574
6769,1521046136.5315652,0.30000001192092896
6769,1521046136.6042979,0.29499998688697815
6769,1521046136.7993581,0.28999999165534973
6769,1521046137.446505,0.2849999964237213
6769,1521046137.7192419,0.2800000011920929
6769,1521046137.9050722,0.2750000059604645
6769,1521046137.9422827,0.27000001072883606
6769,1521046138.1192894,0.26499998569488525
6769,1521046138.4492989,0.25999999046325684
6769,1521046138.7437186,0.2549999952316284
6769,1521046138.8903253,0.25
6769,1521046139.0203724,0.24500000476837158
6769,1521046139.090532,0.23999999463558197
6769,1521046139.210658,0.23499999940395355
6769,1521046139.489315,0.23000000417232513
6769,1521046139.7113137,0.22499999403953552
6769,1521046139.742898,0.2199999988079071
6769,1521046139.8941188,0.2150000035762787
6769,1521046140.1037343,0.20999999344348907
6769,1521046140.2763753,0.20499999821186066
6769,1521046140.3422453,0.20000000298023224
6769,1521046140.3632443,0.19499999284744263
6769,1521046140.8627286,0.1899999976158142
6769,1521046140.8888702,0.1850000023841858
6769,1521046141.195912,0.18000000715255737
6769,1521046141.7777216,0.17499999701976776
6769,1521046141.9692874,0.17000000178813934
6769,1521046142.3019555,0.16500000655651093
6769,1521046142.471333,0.1599999964237213
6769,1521046142.507132,0.1550000011920929
6769,1521046142.5960264,0.15000000596046448
6769,1521046142.6119394,0.14499999582767487
6769,1521046142.6335707,0.14000000059604645
6769,1521046142.81739,0.14000000059604645
6769,1521046143.1116624,0.14000000059604645
6769,1521046143.242634,0.14000000059604645
6769,1521046143.313261,0.14000000059604645
6769,1521046143.3329024,0.14000000059604645
6769,1521046143.513756,0.14000000059604645
6769,1521046143.800863,0.14000000059604645
6769,1521046143.9345315,0.14000000059604645
6769,1521046143.953356,0.14000000059604645
6769,1521046144.1258137,0.14000000059604645
6769,1521046144.1439452,0.14000000059604645
6769,1521046144.3389964,0.14000000059604645
6769,1521046144.5241847,0.14000000059604645
6769,1521046144.8820148,0.14000000059604645
6769,1521046144.9072745,0.14000000059604645
6769,1521046145.0590878,0.14000000059604645
6769,1521046145.084493,0.14000000059604645
6769,1521046145.3572152,0.14000000059604645
6769,1521046145.6040056,0.14000000059604645
6769,1521046145.6212425,0.14000000059604645
6769,1521046145.8095422,0.14000000059604645
6769,1521046145.824298,0.14000000059604645
6769,1521046145.8730307,0.14000000059604645
6769,1521046146.071343,0.14000000059604645
6769,1521046146.33911,0.14000000059604645
6769,1521046146.5587473,0.14000000059604645
6769,1521046146.5746222,0.14000000059604645
6769,1521046146.7308233,0.14000000059604645
6769,1521046146.793681,0.14499999582767487
6769,1521046147.034398,0.15000000596046448
6769,1521046147.0857403,0.1550000011920929
6769,1521046147.3051012,0.1599999964237213
6769,1521046147.3238997,0.16500000655651093
6769,1521046147.4006689,0.17000000178813934
6769,1521046147.4566405,0.17499999701976776
6769,1521046147.7056644,0.18000000715255737
6769,1521046147.90422,0.1850000023841858
6769,1521046148.945014,0.1850000023841858
6769,1521046149.0361652,0.1850000023841858
6769,1521046149.1567948,0.1850000023841858
6769,1521046149.1722596,0.1850000023841858
6769,1521046149.1908317,0.1850000023841858
6769,1521046149.209478,0.1850000023841858
6769,1521046149.6474702,0.1850000023841858
6769,1521046149.7910035,0.1850000023841858
6769,1521046149.8122256,0.1850000023841858
6769,1521046149.8559523,0.1850000023841858
6769,1521046149.888691,0.1850000023841858
6769,1521046149.9090235,0.1850000023841858
6769,1521046150.3046386,0.1850000023841858
6769,1521046150.50522,0.1899999976158142
6769,1521046150.5218928,0.19499999284744263
6769,1521046150.5640807,0.20000000298023224
6769,1521046150.6681302,0.20499999821186066
6769,1521046150.980948,0.20999999344348907
6769,1521046151.3138196,0.2150000035762787
6769,1521046151.3310537,0.2199999988079071
6769,1521046151.4710996,0.22499999403953552
6769,1521046151.5811033,0.23000000417232513
6769,1521046151.6271799,0.23499999940395355
6769,1521046151.6416976,0.23999999463558197
6769,1521046152.3703961,0.24500000476837158
6769,1521046152.7827024,0.25
6769,1521046152.8634193,0.2549999952316284
6769,1521046152.9045086,0.25999999046325684
6769,1521046153.1555204,0.26499998569488525
6769,1521046153.2264524,0.27000001072883606
6769,1521046153.2692928,0.2750000059604645
6769,1521046153.7486289,0.2800000011920929
6769,1521046153.9413888,0.2849999964237213
6769,1521046154.7249484,0.2849999964237213
6769,1521046154.7551117,0.2849999964237213
6769,1521046155.216774,0.2849999964237213
6769,1521046155.2898316,0.2849999964237213
6769,1521046155.3034034,0.2849999964237213
6769,1521046155.8869412,0.2849999964237213
6769,1521046155.9041476,0.2849999964237213
6769,1521046156.0037568,0.2849999964237213
6769,1521046156.0191655,0.2849999964237213
6769,1521046156.0871534,0.2849999964237213
6769,1521046156.3510196,0.2849999964237213
6769,1521046156.6531947,0.2849999964237213
6769,1521046156.6709096,0.2849999964237213
6769,1521046156.8889287,0.2849999964237213
6769,1521046156.9058275,0.2849999964237213
6769,1521046157.3496113,0.2849999964237213
6769,1521046158.048805,0.2849999964237213
6769,1521046158.103506,0.2849999964237213
6769,1521046158.1343179,0.2849999964237213
6769,1521046158.1737945,0.2849999964237213
6769,1521046158.6096494,0.2849999964237213
6769,1521046158.6851225,0.2849999964237213
6769,1521046158.9293656,0.2849999964237213
6769,1521046159.5571601,0.2849999964237213
6769,1521046159.9041204,0.2849999964237213
6769,1521046160.1017175,0.2849999964237213
6769,1521046160.1908088,0.2849999964237213
6769,1521046160.2195115,0.2849999964237213
6769,1521046160.3777893,0.2849999964237213
6769,1521046160.5007133,0.2849999964237213
6769,1521046160.5182843,0.2849999964237213
6769,1521046160.7346926,0.2849999964237213
6769,1521046160.842852,0.2849999964237213
6769,1521046160.9759374,0.2849999964237213
6769,1521046161.1072116,0.2849999964237213
6769,1521046161.2050123,0.2849999964237213
6769,1521046161.2263076,0.2849999964237213
6769,1521046161.377046,0.2849999964237213
6769,1521046161.536913,0.2849999964237213
6769,1521046161.7883394,0.2849999964237213
6769,1521046161.9557772,0.2849999964237213
6769,1521046162.053543,0.2849999964237213
6769,1521046162.1992126,0.2849999964237213
6769,1521046162.219915,0.2849999964237213
6769,1521046162.317115,0.2849999964237213
6769,1521046162.4662533,0.2849999964237213
6769,1521046162.7469466,0.2849999964237213
6769,1521046162.7639623,0.2849999964237213
6769,1521046162.8997014,0.2849999964237213
6769,1521046162.916816,0.2849999964237213
6769,1521046162.939586,0.2849999964237213
6769,1521046163.1889987,0.2849999964237213
6769,1521046163.3931072,0.2849999964237213
6769,1521046163.4175417,0.2849999964237213
6769,1521046163.57488,0.2849999964237213
6769,1521046163.5974295,0.2849999964237213
6769,1521046163.6222873,0.2849999964237213
6769,1521046163.9030552,0.2849999964237213
6769,1521046164.0732765,0.2849999964237213
6769,1521046164.0888078,0.2849999964237213
6769,1521046164.255858,0.2849999964237213
6769,1521046164.272672,0.2849999964237213
6769,1521046164.2878664,0.2849999964237213
6769,1521046164.6136596,0.2849999964237213
6769,1521046164.7521856,0.2849999964237213
6769,1521046164.7690866,0.2849999964237213
6769,1521046164.8977237,0.2849999964237213
6769,1521046164.9146266,0.2849999964237213
6769,1521046164.9542568,0.2849999964237213
6769,1521046165.2899656,0.2849999964237213
6769,1521046165.418136,0.2849999964237213
6769,1521046165.4323633,0.2849999964237213
6769,1521046165.6038837,0.2849999964237213
6769,1521046165.6211035,0.2849999964237213
6769,1521046165.6585038,0.2849999964237213
6769,1521046165.9889314,0.2849999964237213
6769,1521046166.1599648,0.2849999964237213
6769,1521046166.177829,0.2849999964237213
6769,1521046166.331011,0.2849999964237213
6769,1521046166.3451629,0.2849999964237213
6769,1521046166.3618805,0.2849999964237213
6769,1521046166.81478,0.2849999964237213
6769,1521046166.9342651,0.2849999964237213
6769,1521046166.953254,0.2849999964237213
6769,1521046167.0387166,0.2849999964237213
6769,1521046167.052825,0.2849999964237213
6769,1521046167.0868897,0.2849999964237213
6769,1521046168.085079,0.2849999964237213
6769,1521046168.788929,0.2849999964237213
6769,1521046169.3859255,0.2849999964237213
6769,1521046169.9821014,0.2849999964237213
6769,1521046171.6632955,0.2849999964237213
6769,1521046171.8883173,0.2849999964237213
6769,1521046172.1469457,0.2849999964237213
6769,1521046172.7435434,0.2849999964237213
6769,1521046172.8353097,0.2849999964237213
6769,1521046172.940589,0.2849999964237213
6769,1521046173.0541089,0.2849999964237213
6769,1521046174.0476508,0.2849999964237213
6769,1521046174.062935,0.2849999964237213
6769,1521046174.2949584,0.2849999964237213
6769,1521046174.311324,0.2849999964237213
6769,1521046174.474464,0.2849999964237213
6769,1521046174.7899265,0.2849999964237213
6769,1521046174.867416,0.2849999964237213
6769,1521046175.3504221,0.2849999964237213
6769,1521046176.6116352,0.2849999964237213
6769,1521046176.6884527,0.2849999964237213
6769,1521046176.7259383,0.2849999964237213
6769,1521046176.7399797,0.2849999964237213
6769,1521046176.7767282,0.2849999964237213
6769,1521046177.0909095,0.2849999964237213
6769,1521046177.3093607,0.2849999964237213
6769,1521046177.6375346,0.2849999964237213
6769,1521046177.7198691,0.2849999964237213
6769,1521046177.8351874,0.2849999964237213
6769,1521046177.8793747,0.2849999964237213
6769,1521046177.8964612,0.2849999964237213
6769,1521046178.1664445,0.2849999964237213
6769,1521046178.3192885,0.2849999964237213
6769,1521046178.4590836,0.2849999964237213
6769,1521046178.5675423,0.2849999964237213
6769,1521046178.581335,0.2849999964237213
6769,1521046178.775294,0.2849999964237213
6769,1521046178.7928112,0.2849999964237213
6769,1521046178.9669135,0.2849999964237213
6769,1521046179.1907706,0.2849999964237213
6769,1521046179.2127001,0.2849999964237213
6769,1521046179.2357621,0.2849999964237213
6769,1521046179.4765303,0.2849999964237213
6769,1521046179.516816,0.2800000011920929
6769,1521046179.648196,0.2750000059604645
6769,1521046179.8748612,0.27000001072883606
6769,1521046179.9061625,0.26499998569488525
6769,1521046179.9250588,0.25999999046325684
6769,1521046180.1448843,0.2549999952316284
6769,1521046180.2994416,0.25
6769,1521046180.3150747,0.24500000476837158
6769,1521046180.491768,0.23999999463558197
6769,1521046180.5217388,0.23499999940395355
6769,1521046180.618493,0.23000000417232513
6769,1521046180.815837,0.22499999403953552
6769,1521046180.974793,0.2199999988079071
6769,1521046180.9941025,0.2150000035762787
6769,1521046181.1476195,0.20999999344348907
6769,1521046181.187178,0.20499999821186066
6769,1521046181.2791378,0.20000000298023224
6769,1521046181.6051662,0.19499999284744263
6769,1521046181.73605,0.1899999976158142
6769,1521046181.7499366,0.1850000023841858
6769,1521046181.8923728,0.18000000715255737
6769,1521046182.0322666,0.17499999701976776
6769,1521046182.0468864,0.17000000178813934
6769,1521046182.246685,0.16500000655651093
6769,1521046182.546247,0.1599999964237213
6769,1521046182.5618405,0.1550000011920929
6769,1521046182.5871177,0.15000000596046448
6769,1521046182.7505388,0.14499999582767487
6769,1521046182.7674842,0.14000000059604645
6769,1521046182.914035,0.13500000536441803
6769,1521046183.2349465,0.12999999523162842
6769,1521046183.250448,0.125
6769,1521046183.2789707,0.11999999731779099
6769,1521046183.4336088,0.11500000208616257
6769,1521046183.4487164,0.10999999940395355
6769,1521046183.5287688,0.10499999672174454
6769,1521046183.9074693,0.10000000149011612
6769,1521046183.9214423,0.10000000149011612
6769,1521046183.9371026,0.10000000149011612
6769,1521046184.1482928,0.10000000149011612
6769,1521046184.1734788,0.10000000149011612
6769,1521046184.190055,0.10000000149011612
6769,1521046184.5788753,0.10000000149011612
6769,1521046184.6103683,0.10000000149011612
6769,1521046184.643747,0.10000000149011612
6769,1521046184.8449993,0.10000000149011612
6769,1521046184.8828886,0.10000000149011612
6769,1521046184.912452,0.10000000149011612
6769,1521046185.2715278,0.10000000149011612
6769,1521046185.2940047,0.10000000149011612
6769,1521046185.3223605,0.0949999988079071
6769,1521046185.5378308,0.09000000357627869
6769,1521046185.551637,0.08500000089406967
6769,1521046185.5863538,0.07999999821186066
6769,1521046185.9185216,0.07500000298023224
6769,1521046185.9361544,0.07000000029802322
6769,1521046185.9591813,0.06499999761581421
6769,1521046186.2128837,0.05999999865889549
6769,1521046186.2332385,0.054999999701976776
6769,1521046186.3291955,0.05000000074505806
6769,1521046186.593371,0.04500000178813934
6769,1521046186.6071334,0.03999999910593033
6769,1521046186.7052329,0.03500000014901161
6769,1521046186.8888142,0.029999999329447746
6769,1521046186.9040134,0.02500000037252903
6769,1521046186.9218016,0.019999999552965164
6769,1521046187.413192,0.014999999664723873
6769,1521046187.5406773,0.009999999776482582
6769,1521046187.6389065,0.004999999888241291
6769,1521046187.6743202,0.0
6769,1521046187.689875,0.0
6769,1521046187.9204996,0.0
6769,1521046188.3240695,0.0
6769,1521046188.4061065,0.0
6769,1521046188.4305725,0.0
6769,1521046188.5348911,0.0
6769,1521046188.7075365,0.0
6769,1521046188.8063095,0.0
6769,1521046189.2536037,0.0
6769,1521046189.2700965,0.0
6769,1521046189.5439126,0.0
6769,1521046189.573147,0.0
6769,1521046189.740009,0.0
6769,1521046189.8885891,0.0
6769,1521046190.3557916,0.0
6769,1521046190.6794453,0.0
6769,1521046190.693428,0.0
6769,1521046191.3728707,0.0
6769,1521046191.3929772,0.0
6769,1521046191.6964908,0.0
6769,1521046191.714303,0.0
6769,1521046191.95351,0.0
6769,1521046192.0054839,0.0
6769,1521046192.1705263,0.0
6769,1521046192.6738167,0.0
6769,1521046192.6940472,0.0
6769,1521046193.432861,0.0
6769,1521046193.4497087,0.0
6769,1521046193.509125,0.0
6769,1521046193.524766,0.0
6769,1521046193.5549073,0.0
6769,1521046193.7736793,0.0
6769,1521046194.1691463,0.0
6769,1521046194.185945,0.0
6769,1521046194.3628786,0.0
6769,1521046194.376878,0.0
6769,1521046194.4803686,0.0
6769,1521046194.508788,0.0
6769,1521046194.837435,0.0
6769,1521046194.8595443,0.0
6769,1521046195.107718,0.0
6769,1521046195.1226096,0.0
6769,1521046195.141547,0.0
6769,1521046195.557544,0.0
6769,1521046195.6086745,0.0
6769,1521046195.7970965,0.0
6769,1521046195.877173,0.0
6769,1521046195.9670267,0.0
6769,1521046195.9854534,0.0
6769,1521046196.3365393,0.0
6769,1521046196.375109,0.0
6769,1521046196.5475523,0.0
6769,1521046196.600859,0.0
6769,1521046196.6148167,0.0
6769,1521046196.6819208,0.0
6769,1521046197.051228,0.0
6769,1521046197.066831,0.0
6769,1521046197.2266834,0.0
6769,1521046197.282766,0.0
6769,1521046197.3419313,0.0
6769,1521046197.3573356,0.0
6769,1521046197.7398887,0.0
6769,1521046197.7534192,0.0
6769,1521046197.9736905,0.0
6769,1521046197.988916,0.0
6769,1521046198.012295,0.0
6769,1521046198.0959644,0.0
6769,1521046198.4132154,0.0
6769,1521046198.4267275,0.0
6769,1521046198.619722,0.0
6769,1521046198.6343734,0.0
6769,1521046198.661815,0.0
6769,1521046198.6959593,0.0
6769,1521046199.1266751,0.0
6769,1521046199.1435208,0.0
6769,1521046199.3097305,0.0
6769,1521046199.3287013,0.0
6769,1521046199.3720808,0.0
6769,1521046199.438703,0.0
6769,1521046199.815715,0.0
6769,1521046199.8409345,0.0
6769,1521046200.0627868,0.0
6769,1521046200.0794842,0.0
6769,1521046200.1004279,0.0
6769,1521046200.1585028,0.0
6769,1521046200.5642269,0.0
6769,1521046200.585221,0.0
6769,1521046200.764781,0.0
6769,1521046200.7871456,0.0
6769,1521046200.8174999,0.0
6769,1521046200.835565,0.0
6769,1521046201.2554657,0.0
6769,1521046201.2745783,0.0
6769,1521046201.4060533,0.0
6769,1521046201.4260552,0.0
6769,1521046201.4608653,0.0
6769,1521046201.4859257,0.0
6769,1521046201.9342802,0.0
6769,1521046201.9524117,0.0
6769,1521046202.1304731,0.0
6769,1521046202.145677,0.0
6769,1521046202.163706,0.0
6769,1521046202.2064822,0.0
6769,1521046202.636294,0.0
6769,1521046202.6578574,0.0
6769,1521046202.818319,0.0
6769,1521046202.8330703,0.0
6769,1521046202.849987,0.0
6769,1521046202.8677933,0.0
6769,1521046203.3947802,0.0
6769,1521046203.4122732,0.0
6769,1521046203.4388618,0.0
6769,1521046203.4597447,0.0
6769,1521046203.5645356,0.0
6769,1521046203.6316931,0.0
6769,1521046204.0506525,0.0
6769,1521046204.113892,0.0
6769,1521046204.1922033,0.0
6769,1521046204.257075,0.0
6769,1521046204.2765863,0.0
6769,1521046204.5010197,0.0
6769,1521046204.70169,0.0
6769,1521046204.8410375,0.0
6769,1521046204.8806343,0.0
6769,1521046204.9137034,0.0
6769,1521046205.2792065,0.0
6769,1521046205.463367,0.0
6769,1521046205.8884048,0.0
6769,1521046205.905766,0.0
6769,1521046206.0216465,0.0
6769,1521046206.087862,0.0
6769,1521046206.1080806,0.0
6769,1521046206.3673332,0.0
6769,1521046206.6051714,0.0
6769,1521046206.800842,0.0
6769,1521046207.2785528,0.0
6769,1521046207.294552,0.0
6769,1521046207.5283864,0.0
6769,1521046207.5727472,0.0
6769,1521046207.6155765,0.0
6769,1521046207.689591,0.0
6769,1521046207.7504852,0.0
6769,1521046208.0400107,0.0
6769,1521046208.2838957,0.0
6769,1521046208.3002055,0.0
6769,1521046208.4381511,0.0
6769,1521046208.4519346,0.0
6769,1521046208.5962405,0.0
6769,1521046208.8886855,0.0
6769,1521046209.0894268,0.0
6769,1521046209.164444,0.0
6769,1521046209.2757301,0.0
6769,1521046209.4962087,0.0
6769,1521046209.5370293,0.0
6769,1521046209.6860292,0.0
6769,1521046209.934088,0.0
6769,1521046209.954665,0.0
6769,1521046210.0957673,0.0
6769,1521046210.4134223,0.0
6769,1521046210.432837,0.0
6769,1521046210.6216967,0.0
6769,1521046210.7026277,0.0
6769,1521046210.8676279,0.0
6769,1521046210.94143,0.0
6769,1521046211.2804618,0.0
6769,1521046211.3005621,0.0
6769,1521046211.4150188,0.0
6769,1521046211.5396276,0.0
6769,1521046211.5639877,0.0
6769,1521046211.5923028,0.0
6769,1521046212.0479326,0.0
6769,1521046212.0626466,0.0
6769,1521046212.0839248,0.0
6769,1521046212.2849824,0.0
6769,1521046212.3063385,0.0
6769,1521046212.336451,0.0
6769,1521046212.7384782,0.0
6769,1521046212.7524533,0.0
6769,1521046212.772776,0.0
6769,1521046212.9084842,0.0
6769,1521046212.9229403,0.0
6769,1521046213.0625305,0.0
6769,1521046213.4160612,0.0
6769,1521046213.4333653,0.0
6769,1521046213.4623322,0.0
6769,1521046213.585658,0.0
6769,1521046213.6298394,0.0
6769,1521046213.730588,0.0
6769,1521046214.0946531,0.0
6769,1521046214.1122193,0.0
6769,1521046214.1563506,0.0
6769,1521046214.2968297,0.0
6769,1521046214.3421874,0.0
6769,1521046214.3938725,0.0
6769,1521046214.8060772,0.0
6769,1521046214.9053853,0.0
6769,1521046215.0532806,0.0
6769,1521046215.0730383,0.0
6769,1521046215.10964,0.0
6769,1521046215.1355352,0.0
6769,1521046215.61764,0.0
6769,1521046215.6340287,0.0
6769,1521046215.799193,0.0
6769,1521046215.8177838,0.0
6769,1521046215.838209,0.0
6769,1521046215.8767,0.0
6769,1521046216.2987173,0.0
6769,1521046216.3172174,0.0
6769,1521046216.4443264,0.0
6769,1521046216.4582126,0.0
6769,1521046216.582481,0.0
6769,1521046216.6145387,0.0
6769,1521046217.077158,0.0
6769,1521046217.0937672,0.0
6769,1521046217.1926606,0.0
6769,1521046217.222465,0.0
6769,1521046217.3721056,0.0
6769,1521046217.4319363,0.0
6769,1521046217.8453283,0.0
6769,1521046217.8650222,0.0
6769,1521046217.9169822,0.0
6769,1521046217.9974804,0.0
6769,1521046218.1198285,0.0
6769,1521046218.134299,0.0
6769,1521046218.5243187,0.0
6769,1521046218.538459,0.0
6769,1521046218.5904176,0.0
6769,1521046218.6676955,0.0
6769,1521046218.8274891,0.0
6769,1521046218.8413305,0.0
6769,1521046219.190458,0.0
6769,1521046219.2543516,0.0
6769,1521046219.2751713,0.0
6769,1521046219.4063284,0.0
6769,1521046219.4666827,0.0
6769,1521046219.496052,0.0
6769,1521046219.909647,0.0
6769,1521046219.9300394,0.0
6769,1521046219.9579256,0.0
6769,1521046220.0869153,0.0
6769,1521046220.1075213,0.0
6769,1521046220.5858724,0.0
6769,1521046220.5992584,0.0
6769,1521046220.6233222,0.0
6769,1521046220.8313792,0.0
6769,1521046220.8467555,0.0
6769,1521046220.875318,0.0
6769,1521046221.2870164,0.0
6769,1521046221.3507366,0.0
6769,1521046221.492122,0.0
6769,1521046221.5115643,0.0
6769,1521046221.8843174,0.0
6769,1521046222.0163662,0.0
6769,1521046222.3088286,0.0
6769,1521046222.8962238,0.0
6769,1521046222.916692,0.0
6769,1521046223.2752137,0.0
6769,1521046223.68019,0.0
6769,1521046224.0875635,0.0
6769,1521046224.1739137,0.0
6769,1521046224.4620624,0.0
6769,1521046224.6815515,0.0
6769,1521046224.8980472,0.0
6769,1521046225.0954976,0.0
6769,1521046225.317237,0.0
6769,1521046225.6324675,0.0
6769,1521046225.6580834,0.0
6769,1521046225.725555,0.0
6769,1521046226.0356154,0.0
6769,1521046226.0679798,0.0
6769,1521046226.4765832,0.0
6769,1521046226.4918275,0.0
6769,1521046227.127668,0.0
6769,1521046227.491609,0.0
6769,1521046227.5288699,0.0
6769,1521046228.3637493,0.0
6769,1521046228.6728733,0.0
6769,1521046228.8830092,0.0
6769,1521046228.8988013,0.0
6769,1521046229.5245693,0.0
6769,1521046229.7315547,0.0
6769,1521046230.0140767,0.0
6769,1521046230.0379515,0.0
6769,1521046230.4512553,0.0
6769,1521046230.4767025,0.0
6769,1521046230.607271,0.0
6769,1521046230.7679734,0.0
6769,1521046230.7885098,0.0
6769,1521046231.0340617,0.0
6769,1521046231.1849284,0.0
6769,1521046231.3220406,0.0
6769,1521046231.3353932,0.0
6769,1521046231.5647001,0.0
6769,1521046231.581719,0.0
6769,1521046231.7708492,0.0
6769,1521046231.9482043,0.0
6769,1521046231.9701998,0.0
6769,1521046232.1730585,0.0
6769,1521046232.3337271,0.0
6769,1521046232.6338422,0.0
6769,1521046232.6614542,0.0
6769,1521046232.848717,0.0
6769,1521046232.862085,0.0
6769,1521046232.9743383,0.0
6769,1521046233.1196895,0.0
6769,1521046233.3015685,0.0
6769,1521046233.3178415,0.0
6769,1521046233.4656913,0.0
6769,1521046233.4857888,0.0
6769,1521046233.6400144,0.0
6769,1521046233.7774293,0.0
6769,1521046233.953591,0.0
6769,1521046233.9682565,0.0
6769,1521046234.125387,0.0
6769,1521046234.1410441,0.0
6769,1521046234.286669,0.0
6769,1521046234.4907835,0.0
6769,1521046234.627339,0.0
6769,1521046234.6594925,0.0
6769,1521046234.7731683,0.0
6769,1521046234.8668299,0.0
6769,1521046234.967883,0.0
6769,1521046235.1561,0.0
6769,1521046235.3992352,0.0
6769,1521046235.4318619,0.0
6769,1521046235.4631007,0.0
6769,1521046235.571868,0.0
6769,1521046235.635898,0.0
6769,1521046235.840661,0.0
6769,1521046236.0973606,0.0
6769,1521046236.1180227,0.0
6769,1521046236.1570826,0.0
6769,1521046236.294991,0.0
6769,1521046236.3613577,0.0
6769,1521046236.4563048,0.0
6769,1521046236.786283,0.0
6769,1521046236.8016486,0.0
6769,1521046236.9293988,0.0
6769,1521046237.011267,0.0
6769,1521046237.092691,0.0
6769,1521046237.2518814,0.0
6769,1521046237.4493136,0.0
6769,1521046237.4800186,0.0
6769,1521046237.6229181,0.0
6769,1521046237.6818821,0.0
6769,1521046237.89631,0.0
6769,1521046237.9114444,0.0
6769,1521046238.1044161,0.0
6769,1521046238.120073,0.0
6769,1521046238.2758524,0.0
6769,1521046238.2950504,0.0
6769,1521046238.572158,0.0
6769,1521046238.7493937,0.0
6769,1521046238.890988,0.0
6769,1521046238.9092019,0.0
6769,1521046239.2374544,0.0
6769,1521046239.2527,0.0
6769,1521046239.4971378,0.0
6769,1521046239.5252512,0.0
6769,1521046239.8817873,0.0
6769,1521046239.8971672,0.0
6769,1521046240.1187606,0.0
6769,1521046240.1325736,0.0
6769,1521046240.345205,0.0
6769,1521046240.4534435,0.0
6769,1521046240.6228776,0.0
6769,1521046241.0517294,0.0
6769,1521046241.2817507,0.0
6769,1521046241.4164398,0.0
6769,1521046241.686617,0.0
6769,1521046241.761907,0.0
6769,1521046241.8756313,0.0
6769,1521046242.233311,0.0
6769,1521046242.2907677,0.0
6769,1521046242.311946,0.0
6769,1521046242.6885,0.0
6769,1521046242.874882,0.0
6769,1521046243.0793371,0.0
6769,1521046243.0956554,0.0
6769,1521046243.2479582,0.0
6769,1521046243.4866085,0.0
6769,1521046243.4999444,0.0
6769,1521046243.712693,0.0
6769,1521046244.01146,0.0
6769,1521046244.0365746,0.0
6769,1521046244.086303,0.0
6769,1521046244.2892346,0.0
6769,1521046244.4988952,0.0
6769,1521046244.6319215,0.0
6769,1521046244.6585,0.0
6769,1521046244.7409208,0.0
6769,1521046244.9791815,0.0
6769,1521046245.001857,0.0
6769,1521046245.1919959,0.0
6769,1521046245.4967167,0.0
6769,1521046245.51311,0.0
6769,1521046245.6793547,0.0
6769,1521046245.6971362,0.0
6769,1521046246.0449693,0.0
6769,1521046246.6789804,0.0
6769,1521046246.9125981,0.0
6769,1521046247.0602088,0.0
6769,1521046247.2171402,0.0
6769,1521046247.2347906,0.0
6769,1521046247.3701348,0.0
6769,1521046247.784384,0.0
6769,1521046247.800715,0.0
6769,1521046247.9768815,0.0
6769,1521046248.150487,0.0
6769,1521046248.1794376,0.0
6769,1521046248.3534093,0.0
6769,1521046248.6401355,0.0
6769,1521046248.660598,0.0
6769,1521046249.153196,0.0
6769,1521046249.2693655,0.0
6769,1521046249.3124747,0.0
6769,1521046249.5594754,0.0
6769,1521046249.7167814,0.0
6769,1521046249.9061759,0.0
6769,1521046249.9393835,0.0
6769,1521046249.965455,0.0
6769,1521046250.0072663,0.0
6769,1521046250.185823,0.0
6769,1521046250.3956466,0.0
6769,1521046250.5401788,0.0
6769,1521046250.5601332,0.0
6769,1521046250.602496,0.0
6769,1521046250.686986,0.0
6769,1521046250.9068499,0.0
6769,1521046251.0841622,0.0
6769,1521046251.2433584,0.0
6769,1521046251.277212,0.0
6769,1521046251.322196,0.0
6769,1521046251.378259,0.0
6769,1521046251.6203144,0.0
6769,1521046251.7173,0.0
6769,1521046251.9849799,0.0
6769,1521046252.021382,0.0
6769,1521046252.051537,0.0
6769,1521046252.2489805,0.0
6769,1521046252.3425095,0.0
6769,1521046252.3570995,0.0
6769,1521046252.6942928,0.0
6769,1521046252.712709,0.0
6769,1521046252.8574178,0.0
6769,1521046252.994874,0.0
6769,1521046253.0112038,0.0
6769,1521046253.1086454,0.0
6769,1521046253.4452138,0.0
6769,1521046253.519187,0.0
6769,1521046253.6518302,0.0
6769,1521046253.737579,0.0
6769,1521046253.9124718,0.0
6769,1521046253.9430206,0.0
6769,1521046254.1686168,0.0
6769,1521046254.9647408,0.0
6769,1521046255.0061738,0.0
6769,1521046255.0877235,0.0
6769,1521046255.2696793,0.0
6769,1521046255.2861767,0.0
6769,1521046255.8299654,0.0
6769,1521046256.008155,0.0
6769,1521046256.183886,0.0
6769,1521046256.4922335,0.0
6769,1521046256.6784139,0.0
6769,1521046256.8283508,0.0
6769,1521046256.9612944,0.0
6769,1521046257.2905033,0.0
6769,1521046257.3066108,0.0
6769,1521046257.451903,0.0
6769,1521046257.986258,0.0
6769,1521046258.0044003,0.0
6769,1521046258.2874336,0.0
6769,1521046258.4219701,0.0
6769,1521046258.5353606,0.0
6769,1521046258.684167,0.0
6769,1521046258.9477901,0.0
6769,1521046259.2033367,0.0
6769,1521046259.3311107,0.0
6769,1521046259.4069204,0.0
6769,1521046259.4744308,0.0
6769,1521046259.7049518,0.0
6769,1521046259.8599808,0.0
6769,1521046260.0890863,0.0
6769,1521046260.102767,0.0
6769,1521046260.262867,0.0
6769,1521046260.3369737,0.0
6769,1521046260.675727,0.0
6769,1521046260.708778,0.0
6769,1521046260.9319973,0.0
6769,1521046261.0922189,0.0
6769,1521046261.2928832,0.0
6769,1521046261.4866474,0.0
6769,1521046261.6974642,0.0
6769,1521046262.0863752,0.0
6769,1521046262.1024742,0.0
6769,1521046262.2942283,0.0
6769,1521046262.3279276,0.0
6769,1521046262.3517513,0.0
6769,1521046262.4736362,0.0
6769,1521046262.81458,0.0
6769,1521046262.946713,0.0
6769,1521046262.9616268,0.0
6769,1521046263.0425103,0.0
6769,1521046263.1204045,0.0
6769,1521046263.1376486,0.0
6769,1521046263.4990618,0.0
6769,1521046263.5609832,0.004999999888241291
6769,1521046263.6562297,0.009999999776482582
6769,1521046263.6906407,0.014999999664723873
6769,1521046263.7931392,0.019999999552965164
6769,1521046263.8690138,0.02500000037252903
6769,1521046264.163671,0.02500000037252903
6769,1521046264.1792588,0.02500000037252903
6769,1521046264.369704,0.02500000037252903
6769,1521046264.3836007,0.02500000037252903
6769,1521046264.4231486,0.02500000037252903
6769,1521046264.5354269,0.02500000037252903
6769,1521046264.8749228,0.02500000037252903
6769,1521046264.891152,0.02500000037252903
6769,1521046265.0533779,0.02500000037252903
6769,1521046265.0668833,0.02500000037252903
6769,1521046265.0834823,0.02500000037252903
6769,1521046265.2010725,0.02500000037252903
6769,1521046265.5608964,0.02500000037252903
6769,1521046265.5838397,0.02500000037252903
6769,1521046265.703754,0.02500000037252903
6769,1521046265.720841,0.02500000037252903
6769,1521046265.7650898,0.02500000037252903
6769,1521046265.84043,0.02500000037252903
6769,1521046266.2397308,0.02500000037252903
6769,1521046266.2561812,0.02500000037252903
6769,1521046266.3953507,0.02500000037252903
6769,1521046266.4322078,0.02500000037252903
6769,1521046266.4498484,0.02500000037252903
6769,1521046266.4697208,0.02500000037252903
6769,1521046266.9318104,0.02500000037252903
6769,1521046266.946731,0.02500000037252903
6769,1521046267.1345289,0.02500000037252903
6769,1521046267.1481004,0.02500000037252903
6769,1521046267.1650743,0.02500000037252903
6769,1521046267.5958135,0.02500000037252903
6769,1521046267.7271643,0.02500000037252903
6769,1521046267.7586286,0.02500000037252903
6769,1521046267.7728562,0.02500000037252903
6769,1521046267.7967143,0.02500000037252903
6769,1521046267.8142457,0.02500000037252903
6769,1521046268.2880971,0.02500000037252903
6769,1521046268.353821,0.02500000037252903
6769,1521046268.4505632,0.02500000037252903
6769,1521046268.465971,0.02500000037252903
6769,1521046268.484535,0.02500000037252903
6769,1521046268.5039134,0.02500000037252903
6769,1521046268.986764,0.02500000037252903
6769,1521046269.0089574,0.02500000037252903
6769,1521046269.107941,0.02500000037252903
6769,1521046269.1659124,0.02500000037252903
6769,1521046269.1793377,0.02500000037252903
6769,1521046269.198556,0.02500000037252903
6769,1521046269.6591415,0.02500000037252903
6769,1521046269.6973197,0.02500000037252903
6769,1521046269.7404714,0.02500000037252903
6769,1521046269.842413,0.02500000037252903
6769,1521046269.856455,0.02500000037252903
6769,1521046269.9334471,0.02500000037252903
6769,1521046270.3726494,0.02500000037252903
6769,1521046270.3867545,0.02500000037252903
6769,1521046270.429861,0.02500000037252903
6769,1521046270.5668244,0.02500000037252903
6769,1521046270.5811586,0.02500000037252903
6769,1521046270.6089756,0.02500000037252903
6769,1521046271.0559542,0.02500000037252903
6769,1521046271.069594,0.02500000037252903
6769,1521046271.0858085,0.02500000037252903
6769,1521046271.2091947,0.02500000037252903
6769,1521046271.2320683,0.02500000037252903
6769,1521046271.2663245,0.02500000037252903
6769,1521046271.7184281,0.02500000037252903
6769,1521046271.734356,0.02500000037252903
6769,1521046271.7626696,0.02500000037252903
6769,1521046271.905213,0.02500000037252903
6769,1521046271.923054,0.02500000037252903
6769,1521046271.9663706,0.02500000037252903
6769,1521046272.5043912,0.02500000037252903
6769,1521046272.526864,0.02500000037252903
6769,1521046272.689093,0.02500000037252903
6769,1521046272.7066772,0.02500000037252903
6769,1521046272.8282201,0.02500000037252903
6769,1521046272.9337485,0.02500000037252903
6769,1521046273.2895079,0.02500000037252903
6769,1521046273.3905432,0.02500000037252903
6769,1521046273.420392,0.02500000037252903
6769,1521046273.6698287,0.02500000037252903
6769,1521046273.8744988,0.02500000037252903
6769,1521046274.0198996,0.02500000037252903
6769,1521046274.0905674,0.02500000037252903
6769,1521046274.289484,0.02500000037252903
6769,1521046274.3062665,0.02500000037252903
6769,1521046274.6934228,0.02500000037252903
6769,1521046274.7250433,0.02500000037252903
6769,1521046274.951386,0.02500000037252903
6769,1521046275.074545,0.02500000037252903
6769,1521046275.11529,0.02500000037252903
6769,1521046275.1689289,0.02500000037252903
6769,1521046275.6773486,0.02500000037252903
6769,1521046275.6944726,0.02500000037252903
6769,1521046275.878363,0.02500000037252903
6769,1521046276.0840437,0.02500000037252903
6769,1521046276.1722445,0.02500000037252903
6769,1521046276.27414,0.02500000037252903
6769,1521046276.4821103,0.02500000037252903
6769,1521046276.8894124,0.02500000037252903
6769,1521046276.90648,0.02500000037252903
6769,1521046277.0135887,0.02500000037252903
6769,1521046277.075256,0.02500000037252903
6769,1521046277.1011276,0.02500000037252903
6769,1521046277.5648153,0.02500000037252903
6769,1521046277.580346,0.02500000037252903
6769,1521046277.6146924,0.02500000037252903
6769,1521046277.7116795,0.02500000037252903
6769,1521046277.8752196,0.02500000037252903
6769,1521046277.9178739,0.02500000037252903
6769,1521046278.5261245,0.02500000037252903
6769,1521046278.5409775,0.02500000037252903
6769,1521046278.8104126,0.02500000037252903
6769,1521046278.915069,0.02500000037252903
6769,1521046279.0669842,0.02500000037252903
6769,1521046279.1022172,0.02500000037252903
6769,1521046279.5157268,0.02500000037252903
6769,1521046279.546619,0.02500000037252903
6769,1521046279.6073806,0.02500000037252903
6769,1521046279.7972374,0.02500000037252903
6769,1521046280.0061307,0.02500000037252903
6769,1521046280.0340896,0.02500000037252903
6769,1521046280.1953528,0.02500000037252903
6769,1521046280.3626063,0.02500000037252903
6769,1521046280.4627454,0.02500000037252903
6769,1521046280.6777365,0.02500000037252903
6769,1521046280.8629587,0.02500000037252903
6769,1521046280.902362,0.02500000037252903
6769,1521046281.0426533,0.02500000037252903
6769,1521046281.0635355,0.02500000037252903
6769,1521046281.0872777,0.02500000037252903
6769,1521046281.5264049,0.02500000037252903
6769,1521046281.5443568,0.02500000037252903
6769,1521046281.6641302,0.02500000037252903
6769,1521046281.7842457,0.02500000037252903
6769,1521046281.8048267,0.02500000037252903
6769,1521046282.0499299,0.02500000037252903
6769,1521046282.1947348,0.02500000037252903
6769,1521046282.2104125,0.02500000037252903
6769,1521046282.3082883,0.02500000037252903
6769,1521046282.4496949,0.02500000037252903
6769,1521046282.532884,0.02500000037252903
6769,1521046282.7214038,0.02500000037252903
6769,1521046282.9262652,0.02500000037252903
6769,1521046282.940213,0.02500000037252903
6769,1521046282.956373,0.02500000037252903
6769,1521046283.131232,0.02500000037252903
6769,1521046283.1493628,0.02500000037252903
6769,1521046283.4240203,0.02500000037252903
6769,1521046283.5743241,0.02500000037252903
6769,1521046283.5894992,0.02500000037252903
6769,1521046283.610402,0.02500000037252903
6769,1521046283.819791,0.02500000037252903
6769,1521046283.8373957,0.02500000037252903
6769,1521046284.1220617,0.02500000037252903
6769,1521046284.1706972,0.02500000037252903
6769,1521046284.2694585,0.02500000037252903
6769,1521046284.3184555,0.02500000037252903
6769,1521046284.453987,0.02500000037252903
6769,1521046284.4796813,0.02500000037252903
6769,1521046284.8089397,0.02500000037252903
6769,1521046284.8330655,0.02500000037252903
6769,1521046284.94995,0.02500000037252903
6769,1521046285.009708,0.02500000037252903
6769,1521046285.0931876,0.02500000037252903
6769,1521046285.121729,0.02500000037252903
6769,1521046285.5510395,0.02500000037252903
6769,1521046285.5699031,0.02500000037252903
6769,1521046285.6134858,0.02500000037252903
6769,1521046285.6318614,0.02500000037252903
6769,1521046285.7529645,0.02500000037252903
6769,1521046285.8382912,0.02500000037252903
6769,1521046286.299037,0.02500000037252903
6769,1521046286.3125033,0.02500000037252903
6769,1521046286.345842,0.02500000037252903
6769,1521046286.3615065,0.02500000037252903
6769,1521046286.4839227,0.02500000037252903
6769,1521046286.5543406,0.02500000037252903
6769,1521046287.033291,0.02500000037252903
6769,1521046287.0478337,0.02500000037252903
6769,1521046287.0638885,0.02500000037252903
6769,1521046287.09075,0.02500000037252903
6769,1521046287.166343,0.02500000037252903
6769,1521046287.2728388,0.02500000037252903
6769,1521046287.7269995,0.02500000037252903
6769,1521046287.7475395,0.02500000037252903
6769,1521046287.7694325,0.02500000037252903
6769,1521046287.7868652,0.02500000037252903
6769,1521046287.8998132,0.02500000037252903
6769,1521046287.968766,0.02500000037252903
6769,1521046288.412492,0.02500000037252903
6769,1521046288.426146,0.02500000037252903
6769,1521046288.4590828,0.02500000037252903
6769,1521046288.4771624,0.02500000037252903
6769,1521046288.5745707,0.02500000037252903
6769,1521046288.650764,0.019999999552965164
6769,1521046289.3555052,0.014999999664723873
6769,1521046289.3709898,0.009999999776482582
6769,1521046289.5063493,0.004999999888241291
6769,1521046289.5375528,0.0
6769,1521046289.6281734,0.0
6769,1521046289.697354,0.0
6769,1521046290.1650867,0.0
6769,1521046290.1849449,0.0
6769,1521046290.2987823,0.0
6769,1521046290.3130004,0.0
6769,1521046290.492677,0.0
6769,1521046290.5099158,0.0
6769,1521046290.884339,0.0
6769,1521046290.8978634,0.0
6769,1521046290.9486547,0.0
6769,1521046291.0392494,0.0
6769,1521046291.1772966,0.0
6769,1521046291.6326103,0.0
6769,1521046291.658033,0.0
6769,1521046291.7173462,0.0
6769,1521046291.742287,0.0
6769,1521046291.9142392,0.0
6769,1521046292.0453358,0.0
6769,1521046292.3815289,0.0
6769,1521046292.512684,0.0
6769,1521046292.7145638,0.0
6769,1521046292.7362084,0.0
6769,1521046293.2343092,0.0
6769,1521046293.2548013,0.0
6769,1521046293.8893552,0.0
6769,1521046293.9045107,0.0
6769,1521046293.9696496,0.0
6769,1521046293.9855545,0.0
6769,1521046294.0257936,0.0
6769,1521046294.0442631,0.0
6769,1521046294.5824363,0.0
6769,1521046294.6092424,0.0
6769,1521046294.634233,0.0
6769,1521046294.6643255,0.0
6769,1521046294.7101114,0.0
6769,1521046294.8161042,0.0
6769,1521046295.273042,0.0
6769,1521046295.2995672,0.0
6769,1521046295.3956795,0.0
6769,1521046295.4650216,0.0
6769,1521046295.4791603,0.0
6769,1521046295.5148404,0.0
6769,1521046295.9395459,0.0
6769,1521046295.972732,0.0
6769,1521046296.0890374,0.0
6769,1521046296.104277,0.0
6769,1521046296.1241257,0.0
6769,1521046296.167565,0.0
6769,1521046296.6149821,0.0
6769,1521046296.6357148,0.0
6769,1521046296.75693,0.0
6769,1521046296.8101342,0.0
6769,1521046296.8286254,0.0
6769,1521046296.8467731,0.0
6769,1521046297.3034236,0.0
6769,1521046297.3168287,0.0
6769,1521046297.435185,0.0
6769,1521046297.4879637,0.0
6769,1521046297.5023627,0.0
6769,1521046297.5250669,0.0
6769,1521046297.9464242,0.0
6769,1521046298.0955775,0.0
6769,1521046298.1432014,0.0
6769,1521046298.1656954,0.0
6769,1521046298.1870139,0.0
6769,1521046298.2130089,0.0
6769,1521046298.726568,0.0
6769,1521046298.7423506,0.0
6769,1521046298.775584,0.0
6769,1521046298.7925272,0.0
6769,1521046298.8956542,0.0
6769,1521046298.911925,0.0
6769,1521046299.405724,0.0
6769,1521046299.430987,0.0
6769,1521046299.472009,0.0
6769,1521046299.5063112,0.0
6769,1521046299.5662239,0.0
6769,1521046299.6097937,0.0
6769,1521046300.1122437,0.0
6769,1521046300.1436741,0.0
6769,1521046300.1650345,0.0
6769,1521046300.2535958,0.0
6769,1521046300.3055112,0.0
6769,1521046300.331882,0.0
6769,1521046300.8028147,0.0
6769,1521046300.8231483,0.0
6769,1521046300.8383086,0.0
6769,1521046300.9854403,0.0
6769,1521046301.0018196,0.0
6769,1521046301.0419986,0.0
6769,1521046301.4565496,0.0
6769,1521046301.4730384,0.0
6769,1521046301.5890267,0.0
6769,1521046301.6087317,0.0
6769,1521046301.6873782,0.0
6769,1521046301.7042005,0.0
6769,1521046302.113398,0.0
6769,1521046302.1315246,0.0
6769,1521046302.2042189,0.0
6769,1521046302.316265,0.0
6769,1521046302.3296554,0.0
6769,1521046302.406204,0.0
6769,1521046302.8266003,0.0
6769,1521046302.8415346,0.0
6769,1521046302.9864283,0.0
6769,1521046303.0040908,0.0
6769,1521046303.025751,0.0
6769,1521046303.0866418,0.0
6769,1521046303.479423,0.0
6769,1521046303.498787,0.0
6769,1521046303.6841536,0.0
6769,1521046303.711834,0.0
6769,1521046303.7375672,0.0
6769,1521046303.7547028,0.0
6769,1521046304.171917,0.0
6769,1521046304.1891952,0.0
6769,1521046304.3935719,0.0
6769,1521046304.4152331,0.0
6769,1521046304.5172036,0.0
6769,1521046304.5465689,0.0
6769,1521046304.908539,0.0
6769,1521046304.9283245,0.0
6769,1521046305.24384,0.0
6769,1521046305.2654042,0.0
6769,1521046305.359737,0.0
6769,1521046305.3768818,0.0
6769,1521046305.5466619,0.0
6769,1521046305.566517,0.0
6769,1521046305.9834287,0.0
6769,1521046306.0012474,0.0
6769,1521046306.1137867,0.0
6769,1521046306.130538,0.0
6769,1521046306.3007114,0.0
6769,1521046306.4313467,0.0
6769,1521046306.9096377,0.0
6769,1521046307.037312,0.0
6769,1521046307.3010168,0.0
6769,1521046307.3183753,0.0
6769,1521046307.5091214,0.0
6769,1521046307.5256588,0.0
6769,1521046307.8797984,0.0
6769,1521046307.8964803,0.0
6769,1521046308.1643803,0.0
6769,1521046308.1813655,0.0
6769,1521046308.4775283,0.0
6769,1521046308.4942229,0.0
6769,1521046308.8088462,0.0
6769,1521046308.8255208,0.0
6769,1521046309.0925252,0.0
6769,1521046309.107683,0.0
6769,1521046309.6745884,0.0
6769,1521046309.7089174,0.0
6769,1521046309.74699,0.0
6769,1521046309.7795448,0.0
6769,1521046309.9440677,0.0
6769,1521046309.9599996,0.0
6769,1521046310.3218713,0.0
6769,1521046310.3479147,0.0
6769,1521046310.3745284,0.0
6769,1521046310.4735858,0.0
6769,1521046310.5927258,0.0
6769,1521046310.6062667,0.0
6769,1521046311.0070512,0.0
6769,1521046311.0554993,0.0
6769,1521046311.095931,0.0
6769,1521046311.1238558,0.0
6769,1521046311.2173026,0.0
6769,1521046311.2885318,0.0
6769,1521046311.699367,0.0
6769,1521046311.713592,0.0
6769,1521046311.743488,0.0
6769,1521046311.7743886,0.0
6769,1521046311.92445,0.0
6769,1521046311.943928,0.0
6769,1521046312.3978872,0.0
6769,1521046312.4143379,0.0
6769,1521046312.5320632,0.0
6769,1521046312.6710331,0.0
6769,1521046312.6864097,0.0
6769,1521046312.8021522,0.0
6769,1521046313.0792065,0.0
6769,1521046313.2089965,0.0
6769,1521046313.3478923,0.0
6769,1521046313.518071,0.0
6769,1521046313.5326507,0.0
6769,1521046313.5494394,0.0
6769,1521046313.7592444,0.0
6769,1521046313.9264586,0.0
6769,1521046314.0599778,0.0
6769,1521046314.1104162,0.0
6769,1521046314.2041,0.0
6769,1521046314.2189085,0.0
6769,1521046314.5054407,0.0
6769,1521046314.6044867,0.0
6769,1521046314.7300444,0.0
6769,1521046314.7769988,0.0
6769,1521046314.8816173,0.0
6769,1521046314.901041,0.0
6769,1521046315.1627493,0.0
6769,1521046315.2131243,0.0
6769,1521046315.4165812,0.0
6769,1521046315.432182,0.0
6769,1521046315.4847517,0.0
6769,1521046315.590872,0.0
6769,1521046315.880646,0.0
6769,1521046315.8939948,0.0
6769,1521046316.137484,0.0
6769,1521046316.1532626,0.0
6769,1521046316.2005494,0.0
6769,1521046316.247484,0.0
6769,1521046316.530974,0.0
6769,1521046316.553782,0.0
6769,1521046316.8207495,0.0
6769,1521046316.834245,0.0
6769,1521046316.8516493,0.0
6769,1521046316.878558,0.0
6769,1521046317.189096,0.0
6769,1521046317.2323785,0.0
6769,1521046317.4680557,0.0
6769,1521046317.4853022,0.0
6769,1521046317.5082467,0.0
6769,1521046317.5256581,0.0
6769,1521046317.853384,0.0
6769,1521046317.866977,0.0
6769,1521046318.125247,0.0
6769,1521046318.1431699,0.0
6769,1521046318.2014484,0.0
6769,1521046318.2163901,0.0
6769,1521046318.5639956,0.0
6769,1521046318.5871902,0.0
6769,1521046318.8243606,0.0
6769,1521046318.8699148,0.0
6769,1521046318.8951807,0.0
6769,1521046318.9505734,0.0
6769,1521046319.2147055,0.0
6769,1521046319.2449071,0.0
6769,1521046319.5355277,0.0
6769,1521046319.5637784,0.0
6769,1521046319.5880914,0.0
6769,1521046319.6248927,0.0
6769,1521046319.8995097,0.0
6769,1521046319.9166484,0.0
6769,1521046320.1974294,0.0
6769,1521046320.2128537,0.0
6769,1521046320.2308998,0.0
6769,1521046320.314197,0.0
6769,1521046320.6127915,0.0
6769,1521046320.626049,0.0
6769,1521046320.844554,0.0
6769,1521046320.9916122,0.0
6769,1521046321.006961,0.0
6769,1521046321.020516,0.0
6769,1521046321.3144147,0.0
6769,1521046321.3296435,0.0
6769,1521046321.4867158,0.0
6769,1521046321.6298733,0.0
6769,1521046321.6476512,0.0
6769,1521046321.6686592,0.0
6769,1521046321.9875288,0.0
6769,1521046322.001139,0.0
6769,1521046322.1724074,0.0
6769,1521046322.2177234,0.0
6769,1521046322.3181689,0.0
6769,1521046322.3355298,0.0
6769,1521046322.7076614,0.0
6769,1521046322.7210717,0.0
6769,1521046322.8997133,0.0
6769,1521046322.9179835,0.0
6769,1521046322.9828506,0.0
6769,1521046322.9985466,0.0
6769,1521046323.4457765,0.0
6769,1521046323.4594667,0.0
6769,1521046323.6947057,0.0
6769,1521046323.7100844,0.0
6769,1521046324.1111782,0.0
6769,1521046324.1250753,0.0
6769,1521046324.6098905,0.0
6769,1521046324.8993354,0.0
6769,1521046324.9283075,0.0
6769,1521046325.1259227,0.0
6769,1521046325.4867744,0.0
6769,1521046325.5106182,0.0
6769,1521046325.5375104,0.0
6769,1521046325.7175508,0.0
6769,1521046325.7790992,0.0
6769,1521046326.302602,0.0
6769,1521046326.3160806,0.0
6769,1521046326.7718284,0.0
6769,1521046327.2267447,0.0
6769,1521046327.277301,0.0
6769,1521046328.0307302,0.0
6769,1521046328.0944543,0.0
6769,1521046328.1229458,0.0
6769,1521046328.1621094,0.0
6769,1521046328.1807225,0.0
6769,1521046328.2522697,0.0
6769,1521046328.570355,0.0
6769,1521046328.5897515,0.0
6769,1521046328.7748697,0.0
6769,1521046328.8179526,0.0
6769,1521046328.844474,0.0
6769,1521046328.9075766,0.0
6769,1521046329.311036,0.0
6769,1521046329.3245988,0.0
6769,1521046329.468445,0.0
6769,1521046329.5825267,0.0
6769,1521046329.606089,0.0
6769,1521046329.6849136,0.0
6769,1521046330.0393858,0.0
6769,1521046330.0675898,0.0
6769,1521046330.114636,0.0
6769,1521046330.2592878,0.0
6769,1521046330.2767963,0.0
6769,1521046330.5941231,0.0
6769,1521046330.7408085,0.0
6769,1521046330.7554028,0.0
6769,1521046330.7737546,0.0
6769,1521046330.8644884,0.0
6769,1521046330.8804364,0.0
6769,1521046331.2568893,0.0
6769,1521046331.422213,0.0
6769,1521046331.4426675,0.0
6769,1521046331.4794044,0.0
6769,1521046331.5614152,0.0
6769,1521046331.6710277,0.0
6769,1521046331.9619684,0.0
6769,1521046332.120479,0.0
6769,1521046332.158243,0.0
6769,1521046332.1750739,0.0
6769,1521046332.2884412,0.0
6769,1521046332.3046625,0.0
6769,1521046332.68029,0.0
6769,1521046332.8236034,0.0
6769,1521046332.8394208,0.0
6769,1521046332.8669944,0.0
6769,1521046333.0274012,0.0
6769,1521046333.0412197,0.0
6769,1521046333.3409677,0.0
6769,1521046333.4804757,0.0
6769,1521046333.498813,0.0
6769,1521046333.5239768,0.0
6769,1521046333.6987293,0.0
6769,1521046333.7329473,0.0
6769,1521046334.0401127,0.0
6769,1521046334.1209373,0.0
6769,1521046334.142463,0.0
6769,1521046334.238208,0.0
6769,1521046334.3948832,0.0
6769,1521046334.433196,0.0
6769,1521046334.8101447,0.0
6769,1521046334.84541,0.0
6769,1521046334.896967,0.0
6769,1521046335.0426939,0.0
6769,1521046335.0657506,0.0
6769,1521046335.1155272,0.0
6769,1521046335.5274076,0.0
6769,1521046335.5440462,0.0
6769,1521046335.5693843,0.0
6769,1521046335.746227,0.0
6769,1521046335.7695565,0.0
6769,1521046335.7888026,0.0
6769,1521046336.2005298,0.0
6769,1521046336.215502,0.0
6769,1521046336.241545,0.0
6769,1521046336.418656,0.0
6769,1521046336.4359007,0.0
6769,1521046336.4650578,0.0
6769,1521046336.8232107,0.0
6769,1521046336.8804934,0.0
6769,1521046336.8991163,0.0
6769,1521046337.1160154,0.0
6769,1521046337.1316192,0.0
6769,1521046337.1937375,0.0
6769,1521046337.5459962,0.0
6769,1521046337.565934,0.0
6769,1521046337.6599302,0.0
6769,1521046337.7519684,0.0
6769,1521046337.7765505,0.0
6769,1521046337.934985,0.0
6769,1521046338.2357976,0.0
6769,1521046338.256989,0.0
6769,1521046338.2958004,0.0
6769,1521046338.4441683,0.0
6769,1521046338.4597313,0.0
6769,1521046338.6206126,0.0
6769,1521046338.9365962,0.0
6769,1521046338.9554074,0.0
6769,1521046338.9906163,0.0
6769,1521046339.1292899,0.0
6769,1521046339.1536877,0.0
6769,1521046339.2520528,0.0
6769,1521046339.6369708,0.0
6769,1521046339.669782,0.0
6769,1521046339.7021475,0.0
6769,1521046339.8213108,0.0
6769,1521046339.858001,0.0
6769,1521046339.94706,0.0
6769,1521046340.4623117,0.0
6769,1521046340.4818702,0.0
6769,1521046340.6879268,0.0
6769,1521046340.7096906,0.0
6769,1521046340.8771734,0.0
6769,1521046340.8929741,0.0
6769,1521046341.2136328,0.0
6769,1521046341.290165,0.0
6769,1521046341.5344641,0.0
6769,1521046341.8971567,0.0
6769,1521046342.0937157,0.0
6769,1521046342.11168,0.0
6769,1521046342.4282422,0.0
6769,1521046342.495563,0.0
6769,1521046342.617124,0.0
6769,1521046342.707448,0.0
6769,1521046342.7692056,0.0
6769,1521046343.6725905,0.0
6769,1521046343.8376157,0.0
6769,1521046344.0967445,0.0
6769,1521046344.1168153,0.0
6769,1521046344.6343513,0.0
6769,1521046344.6679363,0.0
6769,1521046344.894379,0.0
6769,1521046344.9094493,0.0
6769,1521046345.0250463,0.0
6769,1521046345.0414703,0.0
6769,1521046345.3613,0.0
6769,1521046345.3885121,0.0
6769,1521046345.5733001,0.0
6769,1521046345.6340806,0.0
6769,1521046345.6966548,0.0
6769,1521046345.7342215,0.0
6769,1521046346.0589883,0.0
6769,1521046346.180838,0.0
6769,1521046346.196724,0.0
6769,1521046346.3349903,0.0
6769,1521046346.378362,0.0
6769,1521046346.392069,0.0
6769,1521046346.7264905,0.0
6769,1521046346.8718112,0.0
6769,1521046346.8891258,0.0
6769,1521046346.9685433,0.0
6769,1521046347.0224943,0.0
6769,1521046347.0379295,0.0
6769,1521046347.4212122,0.0
6769,1521046347.5508697,0.0
6769,1521046347.5690033,0.0
6769,1521046347.612711,0.0
6769,1521046347.7241795,0.0
6769,1521046347.7391474,0.0
6769,1521046348.0954928,0.0
6769,1521046348.2262182,0.0
6769,1521046348.2509115,0.0
6769,1521046348.2821198,0.0
6769,1521046348.3999026,0.0
6769,1521046348.420207,0.0
6769,1521046348.7662187,0.0
6769,1521046348.929635,0.0
6769,1521046348.9477305,0.0
6769,1521046348.9761164,0.0
6769,1521046349.1148047,0.0
6769,1521046349.1319764,0.0
6769,1521046349.492152,0.0
6769,1521046349.6661565,0.0
6769,1521046349.7011738,0.0
6769,1521046349.7580903,0.0
6769,1521046349.786007,0.0
6769,1521046349.829731,0.0
6769,1521046350.1857595,0.0
6769,1521046350.3730555,0.0
6769,1521046350.388269,0.0
6769,1521046350.417433,0.0
6769,1521046350.4363236,0.0
6769,1521046350.4666305,0.0
6769,1521046350.8268082,0.0
6769,1521046351.0451508,0.0
6769,1521046351.0650272,0.0
6769,1521046351.100366,0.0
6769,1521046351.2528493,0.0
6769,1521046351.268816,0.0
6769,1521046351.5572183,0.0
6769,1521046351.711721,0.0
6769,1521046351.7273147,0.0
6769,1521046351.8077881,0.0
6769,1521046351.8641546,0.0
6769,1521046351.9149594,0.0
6769,1521046352.2361746,0.0
6769,1521046352.40148,0.0
6769,1521046352.4161892,0.0
6769,1521046352.4347067,0.0
6769,1521046352.5266871,0.0
6769,1521046352.6385586,0.0
6769,1521046352.9485016,0.0
6769,1521046353.063494,0.0
6769,1521046353.098155,0.0
6769,1521046353.1990144,0.0
6769,1521046353.2510188,0.0
6769,1521046353.296266,0.0
6769,1521046353.6126578,0.0
6769,1521046353.74436,0.0
6769,1521046353.759325,0.0
6769,1521046353.8670797,0.0
6769,1521046353.9147398,0.0
6769,1521046353.9532337,0.0
6769,1521046354.299607,0.0
6769,1521046354.3525026,0.0
6769,1521046354.5095768,0.0
6769,1521046354.537414,0.0
6769,1521046354.5637126,0.0
6769,1521046354.5986476,0.0
6769,1521046354.9936419,0.0
6769,1521046355.0122404,0.0
6769,1521046355.163296,0.0
6769,1521046355.178256,0.0
6769,1521046355.2380557,0.0
6769,1521046355.3214982,0.0
6769,1521046355.6952221,0.0
6769,1521046355.712018,0.0
6769,1521046355.8438597,0.0
6769,1521046355.914412,0.0
6769,1521046355.9344387,0.0
6769,1521046355.9735863,0.0
6769,1521046356.363657,0.0
6769,1521046356.4220371,0.0
6769,1521046356.5291338,0.0
6769,1521046356.5442128,0.0
6769,1521046356.586449,0.0
6769,1521046356.6489365,0.0
6769,1521046357.0546784,0.0
6769,1521046357.121512,0.0
6769,1521046357.1720648,0.0
6769,1521046357.1896353,0.0
6769,1521046357.3093712,0.0
6769,1521046357.5028257,0.0
6769,1521046357.897114,0.0
6769,1521046357.912912,0.0
6769,1521046358.094189,0.0
6769,1521046358.1108654,0.0
6769,1521046358.3348339,0.0
6769,1521046358.3613188,0.0
6769,1521046358.6718698,0.0
6769,1521046358.6855278,0.0
6769,1521046358.9576333,0.0
6769,1521046358.9801822,0.0
6769,1521046359.079984,0.0
6769,1521046359.0983956,0.0
6769,1521046359.5728989,0.0
6769,1521046359.5996108,0.0
6769,1521046359.7677567,0.0
6769,1521046359.7995322,0.0
6769,1521046359.8879914,0.0
6769,1521046360.1492789,0.0
6769,1521046360.5865746,0.0
6769,1521046360.6010315,0.0
6769,1521046360.6568785,0.0
6769,1521046360.6911824,0.0
6769,1521046360.858048,0.0
6769,1521046360.8752918,0.0
6769,1521046361.4744906,0.0
6769,1521046361.570484,0.0
6769,1521046361.7679634,0.0
6769,1521046361.8775716,0.0
6769,1521046361.9205275,0.0
6769,1521046361.9495218,0.0
6769,1521046362.3257582,0.0
6769,1521046362.3457422,0.0
6769,1521046362.5245612,0.0
6769,1521046362.5477815,0.0
6769,1521046362.7439065,0.0
6769,1521046362.7638397,0.0
6769,1521046362.9412172,0.0
6769,1521046362.9566753,0.0
6769,1521046363.1929948,0.0
6769,1521046363.2095816,0.0
6769,1521046363.3187222,0.0
6769,1521046363.3443139,0.0
6769,1521046363.5986347,0.0
6769,1521046363.6219366,0.0
6769,1521046363.810744,0.0
6769,1521046363.842299,0.0
6769,1521046364.0095513,0.0
6769,1521046364.025716,0.0
6769,1521046364.2881272,0.0
6769,1521046364.3015924,0.0
6769,1521046364.5144885,0.0
6769,1521046364.5560024,0.0
6769,1521046364.7119532,0.0
6769,1521046364.7285054,0.0
6769,1521046364.9364772,0.0
6769,1521046364.9550724,0.0
6769,1521046365.2903996,0.0
6769,1521046365.3057635,0.0
6769,1521046365.3430836,0.0
6769,1521046365.365565,0.0
6769,1521046365.6528275,0.0
6769,1521046365.670774,0.0
6769,1521046365.9356139,0.0
6769,1521046366.1645415,0.0
6769,1521046366.183926,0.0
6769,1521046366.2375019,0.0
6769,1521046366.3430438,0.0
6769,1521046366.3674307,0.0
6769,1521046366.5992386,0.0
6769,1521046366.7999253,0.0
6769,1521046366.8205793,0.0
6769,1521046366.9439301,0.0
6769,1521046367.0127203,0.0
6769,1521046367.030945,0.0
6769,1521046367.4737816,0.0
6769,1521046367.6338449,0.0
6769,1521046367.649428,0.0
6769,1521046367.6717505,0.0
6769,1521046367.9592252,0.0
6769,1521046368.160614,0.0
6769,1521046368.2985518,0.0
6769,1521046368.3160899,0.0
6769,1521046368.3536515,0.0
6769,1521046368.3832836,0.0
6769,1521046368.6368816,0.0
6769,1521046368.8123147,0.0
6769,1521046368.9329913,0.0
6769,1521046368.9528015,0.0
6769,1521046369.009302,0.0
6769,1521046369.0263858,0.0
6769,1521046369.280432,0.0
6769,1521046369.4543388,0.0
6769,1521046369.5965757,0.0
6769,1521046369.6224482,0.0
6769,1521046369.6498682,0.0
6769,1521046369.737755,0.0
6769,1521046369.9131787,0.0
6769,1521046370.1297312,0.0
6769,1521046370.2705307,0.004999999888241291
6769,1521046370.3967555,0.009999999776482582
6769,1521046370.4153383,0.014999999664723873
6769,1521046370.5105329,0.019999999552965164
6769,1521046370.551119,0.02500000037252903
6769,1521046370.771563,0.029999999329447746
6769,1521046370.9369757,0.03500000014901161
6769,1521046371.0634484,0.03999999910593033
6769,1521046371.0785987,0.03999999910593033
6769,1521046371.1152787,0.03999999910593033
6769,1521046371.2611766,0.03999999910593033
6769,1521046371.413452,0.04500000178813934
6769,1521046371.6327822,0.05000000074505806
6769,1521046371.7700448,0.054999999701976776
6769,1521046371.7840984,0.05999999865889549
6769,1521046371.8071604,0.06499999761581421
6769,1521046371.9221854,0.07000000029802322
6769,1521046372.0875664,0.07500000298023224
6769,1521046372.2723937,0.07999999821186066
6769,1521046372.4325337,0.08500000089406967
6769,1521046372.4484258,0.09000000357627869
6769,1521046372.4874978,0.0949999988079071
6769,1521046372.5884347,0.10000000149011612
6769,1521046372.7330217,0.10499999672174454
6769,1521046372.9530709,0.10999999940395355
6769,1521046373.082246,0.11500000208616257
6769,1521046373.099059,0.11999999731779099
6769,1521046373.1432865,0.125
6769,1521046373.3210337,0.12999999523162842
6769,1521046373.3390408,0.13500000536441803
6769,1521046373.6426454,0.14000000059604645
6769,1521046373.784698,0.14499999582767487
6769,1521046373.7996361,0.15000000596046448
6769,1521046373.8223479,0.1550000011920929
6769,1521046373.9424238,0.1599999964237213
6769,1521046374.024673,0.16500000655651093
6769,1521046374.429173,0.17000000178813934
6769,1521046374.5800245,0.17499999701976776
6769,1521046374.7079585,0.18000000715255737
6769,1521046375.0256999,0.1850000023841858
6769,1521046375.0762584,0.1899999976158142
6769,1521046375.4533272,0.1899999976158142
6769,1521046375.4727216,0.1899999976158142
6769,1521046375.8071647,0.1899999976158142
6769,1521046375.8243034,0.1899999976158142
6769,1521046376.02458,0.1899999976158142
6769,1521046376.113399,0.1899999976158142
6769,1521046376.3321612,0.1899999976158142
6769,1521046376.4782848,0.1899999976158142
6769,1521046376.6064913,0.1899999976158142
6769,1521046376.62816,0.1899999976158142
6769,1521046376.7604144,0.1899999976158142
6769,1521046377.0216825,0.1899999976158142
6769,1521046377.0972598,0.1899999976158142
6769,1521046377.2761648,0.1899999976158142
6769,1521046377.4306602,0.1899999976158142
6769,1521046377.4469447,0.1899999976158142
6769,1521046377.5173137,0.1899999976158142
6769,1521046377.789648,0.1899999976158142
6769,1521046377.9036899,0.1899999976158142
6769,1521046377.9212146,0.1899999976158142
6769,1521046378.0974188,0.1899999976158142
6769,1521046378.47503,0.1899999976158142
6769,1521046378.5805886,0.1899999976158142
6769,1521046378.6347759,0.1899999976158142
6769,1521046378.6567197,0.1899999976158142
6769,1521046378.8559465,0.1899999976158142
6769,1521046379.0570748,0.1899999976158142
6769,1521046379.1784046,0.1899999976158142
6769,1521046379.2141361,0.1899999976158142
6769,1521046379.2360332,0.1899999976158142
6769,1521046379.3465695,0.1899999976158142
6769,1521046379.5369983,0.1899999976158142
6769,1521046379.717876,0.1899999976158142
6769,1521046379.8694253,0.1899999976158142
6769,1521046379.8851485,0.1899999976158142
6769,1521046379.9588432,0.1899999976158142
6769,1521046380.016989,0.1899999976158142
6769,1521046380.2334769,0.1899999976158142
6769,1521046380.3227122,0.1899999976158142
6769,1521046380.5287223,0.1899999976158142
6769,1521046380.5474074,0.1899999976158142
6769,1521046380.639772,0.1899999976158142
6769,1521046380.6605432,0.1899999976158142
6769,1521046380.8183606,0.1899999976158142
6769,1521046380.9955342,0.1899999976158142
6769,1521046381.1816492,0.1899999976158142
6769,1521046381.2136736,0.1899999976158142
6769,1521046381.271934,0.1899999976158142
6769,1521046381.3198683,0.1899999976158142
6769,1521046381.484675,0.1899999976158142
6769,1521046381.689033,0.1899999976158142
6769,1521046381.8221571,0.1899999976158142
6769,1521046381.9274704,0.1899999976158142
6769,1521046381.9471629,0.1899999976158142
6769,1521046381.990888,0.1899999976158142
6769,1521046382.1463652,0.1899999976158142
6769,1521046382.3264902,0.1899999976158142
6769,1521046382.4719372,0.1899999976158142
6769,1521046382.632365,0.1899999976158142
6769,1521046382.6511645,0.1899999976158142
6769,1521046382.6753743,0.1899999976158142
6769,1521046382.8287606,0.1899999976158142
6769,1521046382.9880905,0.1899999976158142
6769,1521046383.1762023,0.1899999976158142
6769,1521046383.3167164,0.1899999976158142
6769,1521046383.33062,0.1899999976158142
6769,1521046383.34638,0.1899999976158142
6769,1521046383.6083002,0.1899999976158142
6769,1521046383.6238713,0.1899999976158142
6769,1521046383.8742437,0.1899999976158142
6769,1521046383.930405,0.1899999976158142
6769,1521046383.9442887,0.1899999976158142
6769,1521046384.0050154,0.1899999976158142
6769,1521046384.2707436,0.1899999976158142
6769,1521046384.2898855,0.1899999976158142
6769,1521046384.5568802,0.1899999976158142
6769,1521046384.6191645,0.1899999976158142
6769,1521046384.6461828,0.1899999976158142
6769,1521046384.9461114,0.1899999976158142
6769,1521046384.9616463,0.1899999976158142
6769,1521046385.2774734,0.1899999976158142
6769,1521046385.29577,0.1899999976158142
6769,1521046385.4926271,0.1899999976158142
6769,1521046385.5084212,0.1899999976158142
6769,1521046385.6495464,0.1899999976158142
6769,1521046385.9176607,0.1899999976158142
6769,1521046385.9507673,0.1899999976158142
6769,1521046386.2658021,0.1899999976158142
6769,1521046386.301222,0.1899999976158142
6769,1521046386.3296602,0.1899999976158142
6769,1521046386.6155496,0.1899999976158142
6769,1521046386.6346135,0.1899999976158142
6769,1521046386.6601536,0.1899999976158142
6769,1521046386.9040093,0.1899999976158142
6769,1521046386.9187813,0.1899999976158142
6769,1521046386.9376342,0.1899999976158142
6769,1521046387.2814262,0.1899999976158142
6769,1521046387.2949643,0.1899999976158142
6769,1521046387.337702,0.1899999976158142
6769,1521046387.5102088,0.1899999976158142
6769,1521046387.5251343,0.1899999976158142
6769,1521046387.5499828,0.1899999976158142
6769,1521046387.984975,0.1899999976158142
6769,1521046388.0056634,0.1899999976158142
6769,1521046388.0292964,0.1899999976158142
6769,1521046388.1627495,0.1899999976158142
6769,1521046388.1823719,0.1899999976158142
6769,1521046388.2078555,0.1899999976158142
6769,1521046388.650481,0.1899999976158142
6769,1521046388.66657,0.1899999976158142
6769,1521046388.6981196,0.1899999976158142
6769,1521046388.8701684,0.1899999976158142
6769,1521046388.8887255,0.1899999976158142
6769,1521046388.904272,0.1899999976158142
6769,1521046389.351999,0.1899999976158142
6769,1521046389.3700948,0.1899999976158142
6769,1521046389.3930862,0.1899999976158142
6769,1521046389.5809133,0.1899999976158142
6769,1521046389.6037982,0.1899999976158142
6769,1521046389.6211972,0.1899999976158142
6769,1521046390.0744727,0.1899999976158142
6769,1521046390.0908399,0.1899999976158142
6769,1521046390.1048226,0.1899999976158142
6769,1521046390.2405307,0.1899999976158142
6769,1521046390.2543535,0.1899999976158142
6769,1521046390.3669088,0.1899999976158142
6769,1521046390.677135,0.1899999976158142
6769,1521046390.6967287,0.1899999976158142
6769,1521046390.9482772,0.1899999976158142
6769,1521046390.9637809,0.1899999976158142
6769,1521046390.98101,0.1899999976158142
6769,1521046391.1027453,0.1899999976158142
6769,1521046391.4537477,0.1899999976158142
6769,1521046391.471834,0.1899999976158142
6769,1521046391.686727,0.1899999976158142
6769,1521046391.7000837,0.1899999976158142
6769,1521046391.8893762,0.1899999976158142
6769,1521046391.9044597,0.1899999976158142
6769,1521046392.4781947,0.1899999976158142
6769,1521046392.4942763,0.1899999976158142
6769,1521046392.736334,0.1899999976158142
6769,1521046392.7913806,0.1899999976158142
6769,1521046392.8082,0.1899999976158142
6769,1521046392.8327932,0.1899999976158142
6769,1521046393.2617254,0.1899999976158142
6769,1521046393.5252554,0.1899999976158142
6769,1521046393.5439749,0.1899999976158142
6769,1521046393.6848404,0.1899999976158142
6769,1521046393.701451,0.1899999976158142
6769,1521046393.9597256,0.1899999976158142
6769,1521046393.975405,0.1899999976158142
6769,1521046394.2839353,0.1899999976158142
6769,1521046394.3021386,0.1899999976158142
6769,1521046394.4903665,0.1899999976158142
6769,1521046394.5101619,0.1899999976158142
6769,1521046394.693672,0.1899999976158142
6769,1521046394.8724697,0.1899999976158142
6769,1521046395.0587063,0.1899999976158142
6769,1521046395.1551032,0.1899999976158142
6769,1521046395.2668505,0.1850000023841858
6769,1521046395.5279396,0.18000000715255737
6769,1521046395.5729141,0.17499999701976776
6769,1521046395.7171657,0.17000000178813934
6769,1521046396.0318325,0.16500000655651093
6769,1521046396.118239,0.1599999964237213
6769,1521046396.1444554,0.1550000011920929
6769,1521046396.2201009,0.15000000596046448
6769,1521046396.368963,0.15000000596046448
6769,1521046396.4683301,0.15000000596046448
6769,1521046396.7865531,0.15000000596046448
6769,1521046396.8042288,0.14499999582767487
6769,1521046396.834781,0.14000000059604645
6769,1521046396.968774,0.13500000536441803
6769,1521046396.9840488,0.12999999523162842
6769,1521046397.0419984,0.125
6769,1521046397.4819384,0.11999999731779099
6769,1521046397.4954197,0.11500000208616257
6769,1521046397.5405161,0.10999999940395355
6769,1521046397.6958163,0.10499999672174454
6769,1521046397.713412,0.10000000149011612
6769,1521046397.7874374,0.0949999988079071
6769,1521046398.2037654,0.09000000357627869
6769,1521046398.2218852,0.08500000089406967
6769,1521046398.2781484,0.07999999821186066
6769,1521046398.400603,0.07500000298023224
6769,1521046398.5185745,0.07000000029802322
6769,1521046398.536001,0.06499999761581421
6769,1521046398.9308178,0.05999999865889549
6769,1521046398.946256,0.054999999701976776
6769,1521046399.0895567,0.05000000074505806
6769,1521046399.1042092,0.04500000178813934
6769,1521046399.155053,0.03999999910593033
6769,1521046399.1736722,0.03500000014901161
